g1,g2,g1t,g2t,pd1,pd2,cont,dic,identity,label,t1,t2,score
6788.0,6793.0,disease_resistance,disease_resistance,P0DKH6,Q9CAK1,7,2,44.696,1.0,2014-11-26,2015-06-24,625.7439999999999
6805.0,6793.0,disease_resistance,disease_resistance,F4KHI3,Q9CAK1,7,2,41.778,1.0,2014-07-09,2015-06-24,584.8919999999999
6794.0,6793.0,disease_resistance,disease_resistance,F4I594,Q9CAK1,8,2,60.079,1.0,2015-06-24,2015-06-24,961.264
6803.0,6793.0,disease_resistance,disease_resistance,Q9C7X0,Q9CAK1,8,2,53.724,1.0,2015-06-24,2015-06-24,859.584
6731.0,6793.0,disease_resistance,disease_resistance,F4JNA9,Q9CAK1,8,2,41.518,1.0,2015-06-24,2015-06-24,664.288
6775.0,6793.0,disease_resistance,disease_resistance,F4J339,Q9CAK1,8,2,45.499,1.0,2015-06-24,2015-06-24,727.984
6708.0,6793.0,disease_resistance,disease_resistance,Q9FT77,Q9CAK1,8,2,44.86,1.0,2015-06-24,2015-06-24,717.76
6712.0,6793.0,disease_resistance,disease_resistance,F4JNB7,Q9CAK1,7,2,41.89,1.0,2015-06-24,2015-06-24,586.46
6711.0,6793.0,disease_resistance,disease_resistance,O23530,Q9CAK1,6,2,41.169,1.0,2010-10-05,2015-06-24,494.02799999999996
6793.0,6726.0,disease_resistance,disease_resistance,Q9CAK1,O82500,6,2,46.196,1.0,2015-06-24,2006-11-28,554.352
6805.0,6726.0,disease_resistance,disease_resistance,F4KHI3,O82500,6,2,43.728,1.0,2014-07-09,2006-11-28,524.736
6788.0,6726.0,disease_resistance,disease_resistance,F4KHH8,O82500,6,2,47.957,1.0,2014-11-26,2006-11-28,575.484
6794.0,6726.0,disease_resistance,disease_resistance,F4I594,O82500,6,2,46.975,1.0,2015-06-24,2006-11-28,563.7
6803.0,6726.0,disease_resistance,disease_resistance,Q9C7X0,O82500,6,2,43.996,1.0,2015-06-24,2006-11-28,527.952
6731.0,6726.0,disease_resistance,disease_resistance,F4JNA9,O82500,6,2,41.866,1.0,2015-06-24,2006-11-28,502.392
6775.0,6726.0,disease_resistance,disease_resistance,F4J339,O82500,6,2,44.565,1.0,2015-06-24,2006-11-28,534.78
6692.0,6726.0,disease_resistance,disease_resistance,O48573,O82500,6,2,39.506,1.0,2015-06-24,2006-11-28,474.072
6708.0,6726.0,disease_resistance,disease_resistance,Q9FT77,O82500,6,2,41.463,1.0,2015-06-24,2006-11-28,497.55600000000004
6712.0,6726.0,disease_resistance,disease_resistance,F4JNB7,O82500,5,2,43.874,1.0,2015-06-24,2006-11-28,438.74
6711.0,6726.0,disease_resistance,disease_resistance,O23530,O82500,5,2,44.668,1.0,2010-10-05,2006-11-28,446.68
16478.0,6726.0,disease_resistance,disease_resistance,Q9SSN3,O82500,4,3,43.919,1.0,2013-05-01,2006-11-28,527.028
6793.0,6774.0,disease_resistance,disease_resistance,Q9CAK1,Q9FI14,7,2,44.056,1.0,2015-06-24,2015-06-24,616.784
6805.0,6774.0,disease_resistance,disease_resistance,F4KHI3,Q9FI14,7,2,39.733,1.0,2014-07-09,2015-06-24,556.262
6788.0,6774.0,disease_resistance,disease_resistance,F4KHH8,Q9FI14,8,2,40.31,1.0,2014-11-26,2015-06-24,644.96
6794.0,6774.0,disease_resistance,disease_resistance,F4I594,Q9FI14,7,2,43.667,1.0,2015-06-24,2015-06-24,611.338
6803.0,6774.0,disease_resistance,disease_resistance,Q9C7X0,Q9FI14,7,2,43.107,1.0,2015-06-24,2015-06-24,603.498
6726.0,6774.0,disease_resistance,disease_resistance,O82500,Q9FI14,6,2,45.595,1.0,2006-11-28,2015-06-24,547.14
6731.0,6774.0,disease_resistance,disease_resistance,F4JNA9,Q9FI14,7,2,41.332,1.0,2015-06-24,2015-06-24,578.648
6775.0,6774.0,disease_resistance,disease_resistance,F4J339,Q9FI14,7,2,51.289,1.0,2015-06-24,2015-06-24,718.046
6708.0,6774.0,disease_resistance,disease_resistance,Q9FT77,Q9FI14,7,2,44.86,1.0,2015-06-24,2015-06-24,628.04
6712.0,6774.0,disease_resistance,disease_resistance,F4JNB7,Q9FI14,6,2,41.217,1.0,2015-06-24,2015-06-24,494.604
6711.0,6774.0,disease_resistance,disease_resistance,O23530,Q9FI14,6,2,42.529,1.0,2010-10-05,2015-06-24,510.34800000000007
6805.0,6794.0,disease_resistance,disease_resistance,F4KHI3,F4I594,7,2,41.892,1.0,2014-07-09,2015-06-24,586.488
6803.0,6794.0,disease_resistance,disease_resistance,Q9C7X0,F4I594,8,2,54.246,1.0,2015-06-24,2015-06-24,867.936
6775.0,6794.0,disease_resistance,disease_resistance,F4J339,F4I594,8,2,43.857,1.0,2015-06-24,2015-06-24,701.712
6708.0,6794.0,disease_resistance,disease_resistance,Q9FT77,F4I594,8,2,48.072,1.0,2015-06-24,2015-06-24,769.152
6711.0,6794.0,disease_resistance,disease_resistance,O23530,F4I594,6,2,42.33,1.0,2010-10-05,2015-06-24,507.96
6805.0,6803.0,disease_resistance,disease_resistance,F4KHI3,Q9C7X0,7,2,41.99,1.0,2014-07-09,2015-06-24,587.86
6775.0,6803.0,disease_resistance,disease_resistance,F4J339,Q9C7X0,8,2,42.67,1.0,2015-06-24,2015-06-24,682.72
6708.0,6803.0,disease_resistance,disease_resistance,Q9FT77,Q9C7X0,8,2,41.58,1.0,2015-06-24,2015-06-24,665.28
6711.0,6803.0,disease_resistance,disease_resistance,O23530,Q9C7X0,7,3,41.017,1.0,2010-10-05,2015-06-24,861.3570000000001
16478.0,6803.0,disease_resistance,disease_resistance,Q9SSN3,Q9C7X0,4,3,40.719,1.0,2013-05-01,2015-06-24,488.62800000000004
6805.0,6711.0,disease_resistance,disease_resistance,F4KHI3,O23530,8,3,45.903,1.0,2014-07-09,2010-10-05,1101.672
6775.0,6711.0,disease_resistance,disease_resistance,F4J339,O23530,6,2,39.229,1.0,2015-06-24,2010-10-05,470.748
6692.0,6711.0,disease_resistance,disease_resistance,O48573,O23530,6,2,37.261,1.0,2015-06-24,2010-10-05,447.13200000000006
6708.0,6711.0,disease_resistance,disease_resistance,Q9FT77,O23530,7,3,57.725,1.0,2015-06-24,2010-10-05,1212.2250000000001
6705.0,6711.0,disease_resistance,disease_resistance,Q9SCX7,O23530,8,3,35.088,1.0,2014-11-26,2010-10-05,842.1120000000001
62585.0,6711.0,disease_resistance,disease_resistance,Q9SZ67,O23530,5,3,42.975,1.0,2003-04-11,2010-10-05,644.625
6805.0,6712.0,disease_resistance,disease_resistance,F4KHI3,F4JNB7,6,2,45.311,1.0,2014-07-09,2015-06-24,543.732
6794.0,6712.0,disease_resistance,disease_resistance,F4I594,F4JNB7,7,2,42.601,1.0,2015-06-24,2015-06-24,596.414
6803.0,6712.0,disease_resistance,disease_resistance,Q9C7X0,F4JNB7,7,2,39.562,1.0,2015-06-24,2015-06-24,553.8679999999999
6731.0,6712.0,disease_resistance,disease_resistance,F4JNA9,F4JNB7,7,2,78.281,1.0,2015-06-24,2015-06-24,1095.9340000000002
6775.0,6712.0,disease_resistance,disease_resistance,F4J339,F4JNB7,7,2,39.479,1.0,2015-06-24,2015-06-24,552.706
6708.0,6712.0,disease_resistance,disease_resistance,Q9FT77,F4JNB7,7,2,54.797,1.0,2015-06-24,2015-06-24,767.1579999999999
6711.0,6712.0,disease_resistance,disease_resistance,O23530,F4JNB7,8,2,62.835,1.0,2010-10-05,2015-06-24,1005.36
6805.0,6731.0,disease_resistance,disease_resistance,F4KHI3,F4JNA9,7,2,44.13,1.0,2014-07-09,2015-06-24,617.82
6794.0,6731.0,disease_resistance,disease_resistance,F4I594,F4JNA9,8,2,41.492,1.0,2015-06-24,2015-06-24,663.872
6803.0,6731.0,disease_resistance,disease_resistance,Q9C7X0,F4JNA9,8,2,40.046,1.0,2015-06-24,2015-06-24,640.736
6775.0,6731.0,disease_resistance,disease_resistance,F4J339,F4JNA9,9,2,38.294,1.0,2015-06-24,2015-06-24,689.2919999999999
6708.0,6731.0,disease_resistance,disease_resistance,Q9FT77,F4JNA9,8,2,53.696,1.0,2015-06-24,2015-06-24,859.136
6711.0,6731.0,disease_resistance,disease_resistance,O23530,F4JNA9,6,2,62.352,1.0,2010-10-05,2015-06-24,748.2239999999999
6805.0,6788.0,disease_resistance,disease_resistance,F4KHI3,F4KHH8,7,2,54.562,1.0,2014-07-09,2014-11-26,763.8679999999999
6794.0,6788.0,disease_resistance,disease_resistance,F4I594,F4KHH8,7,2,43.574,1.0,2015-06-24,2014-11-26,610.036
6803.0,6788.0,disease_resistance,disease_resistance,Q9C7X0,F4KHH8,7,2,44.238,1.0,2015-06-24,2014-11-26,619.332
6731.0,6788.0,disease_resistance,disease_resistance,F4JNA9,F4KHH8,7,2,43.533,1.0,2015-06-24,2014-11-26,609.462
6775.0,6788.0,disease_resistance,disease_resistance,F4J339,F4KHH8,7,2,41.403,1.0,2015-06-24,2014-11-26,579.6419999999999
6708.0,6788.0,disease_resistance,disease_resistance,Q9FT77,F4KHH8,7,2,46.482,1.0,2015-06-24,2014-11-26,650.748
6711.0,6788.0,disease_resistance,disease_resistance,O23530,F4KHH8,6,2,47.16,1.0,2010-10-05,2014-11-26,565.92
6811.0,6825.0,disease_resistance,disease_resistance,F4JRS4,F4JPP0,16,3,39.75,1.0,2015-12-09,2015-12-09,1908.0
6812.0,6825.0,disease_resistance,disease_resistance,F4KAF2,F4JPP0,16,3,45.516,1.0,2015-12-09,2015-12-09,2184.768
6826.0,6825.0,disease_resistance,disease_resistance,Q84WV6,F4JPP0,18,3,70.533,1.0,2015-12-09,2015-12-09,3808.782
6811.0,6826.0,disease_resistance,disease_resistance,F4JRS4,Q84WV6,13,3,50.35,1.0,2015-12-09,2015-12-09,1963.65
6812.0,6826.0,disease_resistance,disease_resistance,F4KAF2,Q84WV6,13,3,51.253,1.0,2015-12-09,2015-12-09,1998.867
6828.0,6826.0,disease_resistance,disease_resistance,Q56Y74,Q84WV6,11,3,43.76,1.0,2015-12-09,2015-12-09,1444.08
6811.0,6828.0,disease_resistance,disease_resistance,F4JRS4,Q56Y74,14,3,51.242,1.0,2015-12-09,2015-12-09,2152.1639999999998
6812.0,6828.0,disease_resistance,disease_resistance,F4KAF2,Q56Y74,14,3,51.86,1.0,2015-12-09,2015-12-09,2178.12
6811.0,6812.0,disease_resistance,disease_resistance,F4JRS4,F4KAF2,22,3,63.287,1.0,2015-12-09,2015-12-09,4176.942
6811.0,6819.0,disease_resistance,disease_resistance,F4JRS4,F4K2G3,16,3,49.173,1.0,2015-12-09,2015-12-09,2360.304
6812.0,6819.0,disease_resistance,disease_resistance,F4KAF2,F4K2G3,16,3,48.132,1.0,2015-12-09,2015-12-09,2310.336
6828.0,6819.0,disease_resistance,disease_resistance,Q56Y74,F4K2G3,12,3,46.205,1.0,2015-12-09,2015-12-09,1663.3799999999999
6825.0,6819.0,disease_resistance,disease_resistance,F4JPP0,F4K2G3,16,3,42.95,1.0,2015-12-09,2015-12-09,2061.6000000000004
6826.0,6819.0,disease_resistance,disease_resistance,Q84WV6,F4K2G3,13,3,45.702,1.0,2015-12-09,2015-12-09,1782.378
6775.0,6805.0,disease_resistance,disease_resistance,F4J339,F4KHI3,7,2,38.367,1.0,2015-06-24,2014-07-09,537.1379999999999
6708.0,6805.0,disease_resistance,disease_resistance,Q9FT77,F4KHI3,8,3,48.195,1.0,2015-06-24,2014-07-09,1156.68
16478.0,6805.0,disease_resistance,disease_resistance,Q9SSN3,F4KHI3,4,3,41.954,1.0,2013-05-01,2014-07-09,503.448
6765.0,6766.0,disease_resistance,disease_resistance,F4I902,Q9LUJ8,7,3,61.707,1.0,2016-11-02,2016-11-02,1295.847
7101.0,6904.0,disease_resistance,disease_resistance,Q9FE20,Q9ZUF4,8,4,54.667,1.0,2004-03-15,2016-11-30,1749.344
7040.0,6904.0,disease_resistance,disease_resistance,O48814,Q9ZUF4,7,4,58.576,1.0,2007-11-13,2016-11-30,1640.128
7126.0,6904.0,disease_resistance,disease_resistance,Q1PDV6,Q9ZUF4,7,4,43.376,1.0,2016-11-30,2016-11-30,1214.528
6903.0,6904.0,disease_resistance,disease_resistance,F4JZW1,Q9ZUF4,7,4,67.409,1.0,2016-11-30,2016-11-30,1887.4520000000002
7022.0,6904.0,disease_resistance,disease_resistance,O49839,Q9ZUF4,6,4,62.092,1.0,2009-11-24,2016-11-30,1490.208
7040.0,7022.0,disease_resistance,disease_resistance,O48814,O49839,7,4,58.571,1.0,2007-11-13,2009-11-24,1639.9879999999998
7126.0,7022.0,disease_resistance,disease_resistance,Q1PDV6,O49839,7,4,54.455,1.0,2016-11-30,2009-11-24,1524.74
6903.0,7022.0,disease_resistance,disease_resistance,F4JZW1,O49839,7,4,58.17,1.0,2016-11-30,2009-11-24,1628.76
7126.0,7101.0,disease_resistance,disease_resistance,Q1PDV6,Q9FE20,8,4,61.98,1.0,2016-11-30,2004-03-15,1983.36
6903.0,7101.0,disease_resistance,disease_resistance,F4JZW1,Q9FE20,8,4,55.034,1.0,2016-11-30,2004-03-15,1761.088
7022.0,7101.0,disease_resistance,disease_resistance,O49839,Q9FE20,7,4,48.556,1.0,2009-11-24,2004-03-15,1359.568
6857.0,6858.0,disease_resistance,disease_resistance,F4JSE7,Q8VZF6,5,2,89.167,1.0,2014-05-14,2014-05-14,891.6700000000001
6903.0,7040.0,disease_resistance,disease_resistance,F4JZW1,O48814,6,4,55.34,1.0,2016-11-30,2007-11-13,1328.16
6903.0,7126.0,disease_resistance,disease_resistance,F4JZW1,Q1PDV6,7,4,55.254,1.0,2016-11-30,2016-11-30,1547.1119999999999
6828.0,6825.0,disease_resistance,disease_resistance,Q56Y74,Q5FV35,12,3,43.333,1.0,2015-12-09,2015-12-09,1559.9879999999998
6708.0,6775.0,disease_resistance,disease_resistance,Q9FT77,F4J339,8,2,41.649,1.0,2015-06-24,2015-06-24,666.384
6692.0,6705.0,disease_resistance,disease_resistance,O48573,C4B7M7,8,2,40.813,1.0,2015-06-24,2014-11-26,653.008
6692.0,6698.0,disease_resistance,disease_resistance,O48573,F4KIF3,7,2,42.11,1.0,2015-06-24,2015-06-24,589.54
6705.0,6698.0,disease_resistance,disease_resistance,C4B7M7,F4KIF3,8,2,49.473,1.0,2014-11-26,2015-06-24,791.568
6670.0,6669.0,disease_resistance,disease_resistance,Q9FL92,C4B7M5,7,3,64.676,1.0,2003-04-11,2014-11-26,1358.1960000000001
6693.0,6705.0,insect_resistance,disease_resistance,Q9C5Q9,Q9XGM3,6,3,48.295,0.0,2007-05-01,2014-11-26,869.3100000000001
6668.0,6511.0,disease_resistance,disease_resistance,P93604,Q3ECH2,6,3,43.972,1.0,2016-03-16,2010-11-30,791.496
6535.0,6511.0,disease_resistance,disease_resistance,F4KA51,Q3ECH2,7,4,47.727,1.0,2016-04-13,2010-11-30,1336.356
6536.0,6511.0,disease_resistance,disease_resistance,F4KA50,Q3ECH2,7,4,46.084,1.0,2016-04-13,2010-11-30,1290.352
59.0,6511.0,disease_resistance,disease_resistance,F4HQ17,Q3ECH2,6,3,57.727,1.0,2016-03-16,2010-11-30,1039.086
6530.0,6511.0,disease_resistance,disease_resistance,F4HQ22,Q3ECH2,7,4,50.536,1.0,2016-04-13,2010-11-30,1415.008
6526.0,6511.0,disease_resistance,disease_resistance,F4HQ23,Q3ECH2,7,4,74.63,1.0,2016-04-13,2010-11-30,2089.64
6523.0,6511.0,disease_resistance,disease_resistance,F4HQ20,Q3ECH2,7,4,58.03,1.0,2016-04-13,2010-11-30,1624.8400000000001
6497.0,6511.0,disease_resistance,disease_resistance,D7SFH9,Q3ECH2,7,4,73.297,1.0,2014-10-29,2010-11-30,2052.316
6668.0,6534.0,disease_resistance,disease_resistance,P93604,Q9FF31,7,3,43.112,1.0,2016-03-16,2016-04-13,905.3520000000001
6535.0,6534.0,disease_resistance,disease_resistance,F4KA51,Q9FF31,8,4,48.308,1.0,2016-04-13,2016-04-13,1545.856
6536.0,6534.0,disease_resistance,disease_resistance,F4KA50,Q9FF31,8,4,47.465,1.0,2016-04-13,2016-04-13,1518.88
6530.0,6534.0,disease_resistance,disease_resistance,F4HQ22,Q9FF31,8,4,49.92,1.0,2016-04-13,2016-04-13,1597.44
6526.0,6534.0,disease_resistance,disease_resistance,F4HQ23,Q9FF31,8,4,54.859,1.0,2016-04-13,2016-04-13,1755.488
6511.0,6534.0,disease_resistance,disease_resistance,Q3ECH2,Q9FF31,7,4,54.714,1.0,2010-11-30,2016-04-13,1531.992
6523.0,6534.0,disease_resistance,disease_resistance,F4HQ20,Q9FF31,7,4,54.009,1.0,2016-04-13,2016-04-13,1512.252
6497.0,6534.0,disease_resistance,disease_resistance,D7SFH9,Q9FF31,8,4,66.022,1.0,2014-10-29,2016-04-13,2112.704
6535.0,6668.0,disease_resistance,disease_resistance,F4KA51,P93604,7,3,42.432,1.0,2016-04-13,2016-03-16,891.072
6536.0,6668.0,disease_resistance,disease_resistance,F4KA50,P93604,7,3,46.218,1.0,2016-04-13,2016-03-16,970.5780000000001
6530.0,6668.0,disease_resistance,disease_resistance,F4HQ22,P93604,7,3,41.02,1.0,2016-04-13,2016-03-16,861.4200000000001
6526.0,6668.0,disease_resistance,disease_resistance,F4HQ23,P93604,7,3,42.169,1.0,2016-04-13,2016-03-16,885.549
6523.0,6668.0,disease_resistance,disease_resistance,F4HQ20,P93604,6,3,40.878,1.0,2016-04-13,2016-03-16,735.804
6497.0,6668.0,disease_resistance,disease_resistance,D7SFH9,P93604,8,3,44.353,1.0,2014-10-29,2016-03-16,1064.472
6536.0,6535.0,disease_resistance,disease_resistance,F4KA50,F4KA51,8,4,74.359,1.0,2016-04-13,2016-04-13,2379.488
6530.0,6535.0,disease_resistance,disease_resistance,F4HQ22,F4KA51,8,4,53.734,1.0,2016-04-13,2016-04-13,1719.488
6526.0,6535.0,disease_resistance,disease_resistance,F4HQ23,F4KA51,8,4,48.372,1.0,2016-04-13,2016-04-13,1547.904
6523.0,6535.0,disease_resistance,disease_resistance,F4HQ20,F4KA51,7,4,46.832,1.0,2016-04-13,2016-04-13,1311.296
6497.0,6535.0,disease_resistance,disease_resistance,D7SFH9,F4KA51,8,4,65.067,1.0,2014-10-29,2016-04-13,2082.144
6536.0,55.0,disease_resistance,disease_resistance,F4KA50,Q8VYG0,7,3,35.549,1.0,2016-04-13,2016-03-16,746.529
11847.0,55.0,disease_resistance,disease_resistance,Q9FIL7,Q8VYG0,5,3,39.683,1.0,2012-11-28,2016-03-16,595.245
82.0,55.0,disease_resistance,disease_resistance,Q8GYF5,Q8VYG0,7,4,38.517,1.0,2006-10-17,2016-03-16,1078.476
76.0,55.0,disease_resistance,disease_resistance,Q8RY67,Q8VYG0,8,4,48.667,1.0,2006-10-17,2016-03-16,1557.344
41.0,55.0,disease_resistance,disease_resistance,P0C5E2,Q8VYG0,7,3,43.222,1.0,2007-09-11,2016-03-16,907.662
59.0,55.0,disease_resistance,disease_resistance,F4HQ17,Q8VYG0,9,4,62.819,1.0,2016-03-16,2016-03-16,2261.484
13922.0,55.0,disease_resistance,disease_resistance,F4I3V3,Q8VYG0,7,4,43.533,1.0,2016-03-16,2016-03-16,1218.924
6712.0,6788.0,disease_resistance,disease_resistance,F4JNB7,P0DKH6,6,2,47.608,1.0,2015-06-24,2014-11-26,571.2959999999999
10025.0,10044.0,disease_resistance,disease_resistance,Q2R482,Q2QNM1,10,4,36.296,1.0,2014-04-16,2014-04-16,1451.84
10062.0,10063.0,disease_resistance,disease_resistance,Q2RAK2,Q2QXR8,10,5,96.395,1.0,2015-10-14,2015-10-14,4819.75
9554.0,9507.0,disease_resistance,disease_resistance,Q2QVG8,Q2QX45,14,4,50.905,1.0,2016-10-05,2016-10-05,2850.6800000000003
9416.0,9507.0,disease_resistance,disease_resistance,Q2QY37,Q2QX45,11,3,61.27,1.0,2016-10-05,2016-10-05,2021.91
9474.0,9507.0,disease_resistance,disease_resistance,Q7XSQ5,Q2QX45,12,4,58.385,1.0,2016-10-05,2016-10-05,2802.48
9500.0,9507.0,disease_resistance,disease_resistance,Q53P85,Q2QX45,12,4,87.097,1.0,2016-10-05,2016-10-05,4180.656
9489.0,9507.0,disease_resistance,disease_resistance,Q2QQR2,Q2QX45,12,4,68.031,1.0,2016-10-05,2016-10-05,3265.4880000000003
9554.0,9417.0,disease_resistance,disease_resistance,Q2QVG8,Q2RAV0,13,3,50.951,1.0,2016-10-05,2016-10-05,1987.089
9416.0,9417.0,disease_resistance,disease_resistance,Q2QY37,Q2RAV0,13,4,99.815,1.0,2016-10-05,2016-10-05,5190.38
9474.0,9417.0,disease_resistance,disease_resistance,Q7XSQ5,Q2RAV0,12,3,57.252,1.0,2016-10-05,2016-10-05,2061.072
9507.0,9417.0,disease_resistance,disease_resistance,Q2QX45,Q2RAV0,13,3,64.097,1.0,2016-10-05,2016-10-05,2499.783
9500.0,9417.0,disease_resistance,disease_resistance,Q53P85,Q2RAV0,11,3,63.736,1.0,2016-10-05,2016-10-05,2103.288
9489.0,9417.0,disease_resistance,disease_resistance,Q2QQR2,Q2RAV0,12,3,57.782,1.0,2016-10-05,2016-10-05,2080.152
9072.0,25064.0,insect_resistance,insect_resistance,O65782,Q9LW27,7,3,39.785,1.0,2001-04-27,2001-04-27,835.4849999999999
9416.0,9474.0,disease_resistance,disease_resistance,Q2QY37,Q7XSQ5,12,3,57.977,1.0,2016-10-05,2016-10-05,2087.172
9500.0,9474.0,disease_resistance,disease_resistance,Q53P85,Q7XSQ5,13,5,58.178,1.0,2016-10-05,2016-10-05,3781.5699999999997
9416.0,9489.0,disease_resistance,disease_resistance,Q2QY37,Q2QQR2,12,3,61.311,1.0,2016-10-05,2016-10-05,2207.196
9474.0,9489.0,disease_resistance,disease_resistance,Q7XSQ5,Q2QQR2,14,5,59.483,1.0,2016-10-05,2016-10-05,4163.8099999999995
9500.0,9489.0,disease_resistance,disease_resistance,Q53P85,Q2QQR2,13,5,72.199,1.0,2016-10-05,2016-10-05,4692.9349999999995
9416.0,9500.0,disease_resistance,disease_resistance,Q2QY37,Q53P85,11,3,61.066,1.0,2016-10-05,2016-10-05,2015.178
9416.0,9554.0,disease_resistance,disease_resistance,Q2QY37,Q2QVG8,11,3,51.418,1.0,2016-10-05,2016-10-05,1696.7939999999999
9474.0,9554.0,disease_resistance,disease_resistance,Q7XSQ5,Q2QVG8,13,5,52.489,1.0,2016-10-05,2016-10-05,3411.785
9500.0,9554.0,disease_resistance,disease_resistance,Q53P85,Q2QVG8,13,5,55.24,1.0,2016-10-05,2016-10-05,3590.6
9489.0,9554.0,disease_resistance,disease_resistance,Q2QQR2,Q2QVG8,13,5,53.604,1.0,2016-10-05,2016-10-05,3484.2599999999998
11371.0,3197.0,disease_resistance,disease_resistance,Q0D5R2,Q0D5R3,7,3,59.098,1.0,2016-09-07,2016-09-07,1241.058
3035.0,3197.0,disease_resistance,disease_resistance,Q9C5S8,Q0D5R3,6,3,41.168,1.0,2007-07-10,2016-09-07,741.024
3028.0,3197.0,disease_resistance,disease_resistance,Q8GY82,Q0D5R3,4,2,40.29,1.0,2015-04-29,2016-09-07,322.32
11258.0,62585.0,disease_resistance,disease_resistance,Q9C5H5,Q9SZ67,5,3,41.776,1.0,2016-11-30,2003-04-11,626.6400000000001
27062.0,62585.0,salt_resistance,disease_resistance,Q8S8P5,Q9SZ67,4,2,45.226,0.0,2003-04-11,2003-04-11,361.808
11744.0,11754.0,disease_resistance,disease_resistance,Q9CAQ8,Q9FXM3,7,3,49.074,1.0,2013-06-26,2013-06-26,1030.5539999999999
11847.0,147.0,disease_resistance,disease_resistance,Q9FIL7,Q9M342,5,3,41.892,1.0,2012-11-28,2006-10-17,628.38
82.0,147.0,disease_resistance,disease_resistance,Q8GYF5,Q9M342,7,4,40.528,1.0,2006-10-17,2006-10-17,1134.7839999999999
76.0,147.0,disease_resistance,disease_resistance,Q8RY67,Q9M342,7,4,40.385,1.0,2006-10-17,2006-10-17,1130.78
41.0,147.0,disease_resistance,disease_resistance,P0C5E2,Q9M342,5,3,45.645,1.0,2007-09-11,2006-10-17,684.6750000000001
73.0,147.0,disease_resistance,disease_resistance,Q9C6K9,Q9M342,6,4,46.622,1.0,2016-03-16,2006-10-17,1118.9279999999999
11847.0,59.0,disease_resistance,disease_resistance,Q9FIL7,F4HQ17,5,3,40.615,1.0,2012-11-28,2016-03-16,609.225
41.0,59.0,disease_resistance,disease_resistance,P0C5E2,F4HQ17,7,3,42.451,1.0,2007-09-11,2016-03-16,891.471
11847.0,41.0,disease_resistance,disease_resistance,Q9FIL7,P0C5E2,4,2,37.746,1.0,2012-11-28,2007-09-11,301.968
10322.0,10326.0,disease_resistance,disease_resistance,Q6EPW7,Q9SE33,11,4,66.512,1.0,2011-01-11,2011-01-11,2926.5280000000002
10390.0,10407.0,disease_resistance,disease_resistance,Q6YZF3,Q2QR07,4,3,56.481,1.0,2011-02-08,2011-02-08,677.772
10413.0,10407.0,disease_resistance,disease_resistance,Q2R3P9,Q2QR07,4,3,72.932,1.0,2011-02-08,2011-02-08,875.184
10390.0,10413.0,disease_resistance,disease_resistance,Q6YZF3,Q2R3P9,6,3,46.931,1.0,2011-02-08,2011-02-08,844.7579999999999
11094.0,11112.0,disease_resistance,disease_resistance,Q93Z00,Q53PH2,4,2,84.146,1.0,2008-04-29,2008-04-29,673.168
7543.0,7534.0,disease_resistance,disease_resistance,Q940K0,O23317,4,3,54.545,1.0,2004-04-13,2004-04-13,654.54
7546.0,7534.0,disease_resistance,disease_resistance,O64790,O23317,4,3,63.319,1.0,2004-04-13,2004-04-13,759.828
7539.0,7534.0,disease_resistance,disease_resistance,Q8RXS5,O23317,4,3,53.151,1.0,2004-04-13,2004-04-13,637.812
7538.0,7534.0,disease_resistance,disease_resistance,P60839,O23317,4,3,51.374,1.0,2004-04-13,2004-04-13,616.488
7559.0,7534.0,disease_resistance,disease_resistance,Q42484,O23317,6,3,36.932,1.0,2003-04-23,2004-04-13,664.7760000000001
7543.0,7538.0,disease_resistance,disease_resistance,Q940K0,P60839,4,3,49.154,1.0,2004-04-13,2004-04-13,589.8480000000001
7546.0,7538.0,disease_resistance,disease_resistance,O64790,P60839,4,3,50.676,1.0,2004-04-13,2004-04-13,608.1120000000001
7543.0,7539.0,disease_resistance,disease_resistance,Q940K0,Q8RXS5,4,3,49.264,1.0,2004-04-13,2004-04-13,591.168
7546.0,7539.0,disease_resistance,disease_resistance,O64790,Q8RXS5,4,3,52.71,1.0,2004-04-13,2004-04-13,632.52
7538.0,7539.0,disease_resistance,disease_resistance,P60839,Q8RXS5,4,3,50.734,1.0,2004-04-13,2004-04-13,608.808
7543.0,7546.0,disease_resistance,disease_resistance,Q940K0,O64790,4,3,88.493,1.0,2004-04-13,2004-04-13,1061.916
7545.0,7544.0,disease_resistance,disease_resistance,Q9SI85,Q9SH22,4,3,87.287,1.0,2004-04-13,2004-04-13,1047.444
7537.0,7550.0,disease_resistance,disease_resistance,O82484,Q9C8K0,4,2,44.536,1.0,2004-04-13,2004-04-13,356.288
7561.0,7566.0,disease_resistance,disease_resistance,O65359,Q9SWH4,18,4,65.138,1.0,2003-02-12,2003-02-12,4689.936000000001
7562.0,7566.0,disease_resistance,disease_resistance,Q9SUJ1,Q9SWH4,20,4,60.896,1.0,2003-02-12,2003-02-12,4871.68
7561.0,7562.0,disease_resistance,disease_resistance,O65359,Q9SUJ1,18,4,85.241,1.0,2003-02-12,2003-02-12,6137.352
7570.0,7577.0,disease_resistance,disease_resistance,O65718,Q94AS9,7,3,50.081,1.0,2003-11-21,2003-11-21,1051.701
7695.0,7711.0,disease_resistance,disease_resistance,P27323,P55737,15,4,86.448,1.0,1992-08-01,1997-11-01,5186.879999999999
7695.0,7718.0,disease_resistance,salt_resistance,P27323,Q9STX5,8,3,50.141,0.0,1992-08-01,2006-03-07,1203.384
7725.0,7718.0,salt_resistance,salt_resistance,Q9SIF2,Q9STX5,13,4,44.809,1.0,2015-10-14,2006-03-07,2330.0679999999998
7711.0,7718.0,disease_resistance,salt_resistance,P55737,Q9STX5,12,3,49.292,0.0,1997-11-01,2006-03-07,1774.5120000000002
7695.0,7725.0,disease_resistance,salt_resistance,P27323,Q9SIF2,7,3,48.316,0.0,1992-08-01,2015-10-14,1014.6360000000001
7711.0,7725.0,disease_resistance,salt_resistance,P55737,Q9SIF2,10,3,47.198,0.0,1997-11-01,2015-10-14,1415.94
7553.0,7557.0,disease_resistance,disease_resistance,Q9LVT4,Q9LW09,4,3,39.749,1.0,2004-04-13,2004-04-13,476.98800000000006
7479.0,7428.0,disease_resistance,disease_resistance,Q9FIY1,Q6ZJD3,5,2,50.895,1.0,2014-03-19,2014-03-19,508.95000000000005
7408.0,7428.0,disease_resistance,disease_resistance,O48723,Q6ZJD3,4,2,56.848,1.0,2014-03-19,2014-03-19,454.784
7479.0,7462.0,disease_resistance,disease_resistance,Q9FIY1,Q84QY3,5,2,48.429,1.0,2014-03-19,2014-03-19,484.29
7408.0,7462.0,disease_resistance,disease_resistance,O48723,Q84QY3,4,2,53.141,1.0,2014-03-19,2014-03-19,425.128
7428.0,7462.0,disease_resistance,disease_resistance,Q6ZJD3,Q84QY3,5,2,55.5,1.0,2014-03-19,2014-03-19,555.0
7406.0,7407.0,disease_resistance,disease_resistance,O48533,Q9M2R1,8,2,63.985,1.0,2013-09-18,2013-09-18,1023.76
7408.0,7479.0,disease_resistance,disease_resistance,O48723,Q9FIY1,4,2,50.386,1.0,2014-03-19,2014-03-19,403.088
8730.0,8698.0,disease_resistance,disease_resistance,B9G2X9,Q2QM62,7,3,39.713,1.0,2017-01-18,2017-01-18,833.9730000000001
8627.0,8698.0,disease_resistance,disease_resistance,Q0IMS9,Q2QM62,7,3,37.349,1.0,2017-01-18,2017-01-18,784.329
8632.0,8698.0,disease_resistance,disease_resistance,B9G8P1,Q2QM62,7,3,43.401,1.0,2017-01-18,2017-01-18,911.421
8730.0,8632.0,disease_resistance,disease_resistance,B9G2X9,B9G8P1,7,3,39.206,1.0,2017-01-18,2017-01-18,823.326
8627.0,8632.0,disease_resistance,disease_resistance,Q0IMS9,B9G8P1,7,3,62.872,1.0,2017-01-18,2017-01-18,1320.312
8049.0,8111.0,disease_resistance,disease_resistance,Q02971,Q2R114,5,2,48.266,1.0,1995-11-01,2009-09-01,482.65999999999997
8050.0,8111.0,disease_resistance,disease_resistance,Q02972,Q2R114,4,2,49.422,1.0,1995-11-01,2009-09-01,395.376
8049.0,8050.0,disease_resistance,disease_resistance,Q02971,Q02972,11,5,84.314,1.0,1995-11-01,1995-11-01,4637.2699999999995
7987.0,7973.0,disease_resistance,disease_resistance,Q0JJ01,Q9SZI3,7,2,37.279,1.0,2016-09-07,2011-05-03,521.9060000000001
7982.0,7973.0,disease_resistance,disease_resistance,Q5ICL9,Q9SZI3,8,3,39.929,1.0,2011-05-03,2011-05-03,958.296
7985.0,7973.0,disease_resistance,disease_resistance,Q75HA6,Q9SZI3,7,2,39.828,1.0,2016-09-07,2011-05-03,557.5920000000001
7972.0,7973.0,disease_resistance,disease_resistance,P93002,Q9SZI3,9,3,62.287,1.0,2002-03-05,2011-05-03,1681.749
7975.0,7973.0,disease_resistance,disease_resistance,Q9FDY4,Q9SZI3,9,3,46.975,1.0,2016-09-07,2011-05-03,1268.325
7981.0,7973.0,disease_resistance,disease_resistance,Q8L746,Q9SZI3,9,3,37.907,1.0,2011-05-03,2011-05-03,1023.4889999999999
7982.0,7975.0,disease_resistance,disease_resistance,Q5ICL9,Q9FDY4,7,3,41.405,1.0,2011-05-03,2016-09-07,869.505
7972.0,7975.0,disease_resistance,disease_resistance,P93002,Q9FDY4,19,3,45.841,1.0,2002-03-05,2016-09-07,2612.937
7981.0,7975.0,disease_resistance,disease_resistance,Q8L746,Q9FDY4,8,3,40.526,1.0,2011-05-03,2016-09-07,972.624
7982.0,7981.0,disease_resistance,disease_resistance,Q5ICL9,Q8L746,11,4,73.346,1.0,2011-05-03,2011-05-03,3227.224
7972.0,7981.0,disease_resistance,disease_resistance,P93002,Q8L746,9,3,39.065,1.0,2002-03-05,2011-05-03,1054.7549999999999
7982.0,7985.0,disease_resistance,disease_resistance,Q5ICL9,Q75HA6,6,2,46.31,1.0,2011-05-03,2016-09-07,555.72
7972.0,7985.0,disease_resistance,disease_resistance,P93002,Q75HA6,6,2,40.149,1.0,2002-03-05,2016-09-07,481.788
7975.0,7985.0,disease_resistance,disease_resistance,Q9FDY4,Q75HA6,7,2,43.636,1.0,2016-09-07,2016-09-07,610.904
7981.0,7985.0,disease_resistance,disease_resistance,Q8L746,Q75HA6,7,2,47.778,1.0,2011-05-03,2016-09-07,668.8919999999999
7982.0,7987.0,disease_resistance,disease_resistance,Q5ICL9,Q0JJ01,6,2,51.548,1.0,2011-05-03,2016-09-07,618.576
7985.0,7987.0,disease_resistance,disease_resistance,Q75HA6,Q0JJ01,7,2,54.874,1.0,2016-09-07,2016-09-07,768.236
7972.0,7987.0,disease_resistance,disease_resistance,P93002,Q0JJ01,6,2,39.372,1.0,2002-03-05,2016-09-07,472.464
7975.0,7987.0,disease_resistance,disease_resistance,Q9FDY4,Q0JJ01,7,2,44.742,1.0,2016-09-07,2016-09-07,626.3879999999999
7981.0,7987.0,disease_resistance,disease_resistance,Q8L746,Q0JJ01,7,2,52.045,1.0,2011-05-03,2016-09-07,728.63
8627.0,8730.0,disease_resistance,disease_resistance,Q0IMS9,B9G2X9,8,3,39.604,1.0,2017-01-18,2017-01-18,950.496
8125.0,8126.0,disease_resistance,disease_resistance,Q06327,Q9LUW0,12,4,63.023,1.0,1994-06-01,2009-07-28,3025.1040000000003
8216.0,7.0,disease_resistance,disease_resistance,Q0D4Z6,Q9LYU4,4,4,47.703,1.0,2007-07-24,2011-01-11,763.248
8279.0,8255.0,disease_resistance,disease_resistance,Q53P49,Q2R3B4,5,4,38.425,1.0,2005-11-22,2008-07-01,768.5
8908.0,9013.0,disease_resistance,disease_resistance,Q2QM77,Q2RBR1,8,3,43.923,1.0,2011-07-27,2010-06-15,1054.152
9010.0,9013.0,disease_resistance,disease_resistance,Q2QYY8,Q2RBR1,11,5,99.566,1.0,2010-06-15,2010-06-15,5476.13
8908.0,9010.0,disease_resistance,disease_resistance,Q2QM77,Q2QYY8,8,3,43.923,1.0,2011-07-27,2010-06-15,1054.152
7867.0,7918.0,disease_resistance,disease_resistance,Q39163,Q39237,4,3,51.506,1.0,2004-03-01,2004-03-01,618.072
7862.0,7918.0,disease_resistance,disease_resistance,P43273,Q39237,4,3,53.495,1.0,1995-11-01,2004-03-01,641.9399999999999
7863.0,7918.0,disease_resistance,disease_resistance,Q39140,Q39237,4,3,52.096,1.0,2004-03-01,2004-03-01,625.1519999999999
7916.0,7918.0,disease_resistance,disease_resistance,Q39234,Q39237,5,3,57.853,1.0,2004-03-01,2004-03-01,867.7950000000001
7867.0,7925.0,disease_resistance,disease_resistance,Q39163,Q93ZE2,4,3,50.877,1.0,2004-03-01,2004-03-01,610.524
7862.0,7925.0,disease_resistance,disease_resistance,P43273,Q93ZE2,4,3,50.149,1.0,1995-11-01,2004-03-01,601.788
7863.0,7925.0,disease_resistance,disease_resistance,Q39140,Q93ZE2,4,3,51.22,1.0,2004-03-01,2004-03-01,614.64
7916.0,7925.0,disease_resistance,disease_resistance,Q39234,Q93ZE2,4,3,72.063,1.0,2004-03-01,2004-03-01,864.7560000000001
7918.0,7925.0,disease_resistance,disease_resistance,Q39237,Q93ZE2,5,4,56.0,1.0,2004-03-01,2004-03-01,1120.0
7867.0,7916.0,disease_resistance,disease_resistance,Q39163,Q39234,4,3,54.785,1.0,2004-03-01,2004-03-01,657.42
7862.0,7916.0,disease_resistance,disease_resistance,P43273,Q39234,6,4,55.629,1.0,1995-11-01,2004-03-01,1335.096
7863.0,7916.0,disease_resistance,disease_resistance,Q39140,Q39234,4,3,55.049,1.0,2004-03-01,2004-03-01,660.588
7867.0,7913.0,disease_resistance,disease_resistance,Q39163,Q39162,4,3,51.94,1.0,2004-03-01,2004-03-01,623.28
7862.0,7913.0,disease_resistance,disease_resistance,P43273,Q39162,4,3,54.192,1.0,1995-11-01,2004-03-01,650.304
7863.0,7913.0,disease_resistance,disease_resistance,Q39140,Q39162,4,3,53.593,1.0,2004-03-01,2004-03-01,643.116
7916.0,7913.0,disease_resistance,disease_resistance,Q39234,Q39162,4,3,57.029,1.0,2004-03-01,2004-03-01,684.3480000000001
7918.0,7913.0,disease_resistance,disease_resistance,Q39237,Q39162,4,3,85.054,1.0,2004-03-01,2004-03-01,1020.648
7925.0,7913.0,disease_resistance,disease_resistance,Q93ZE2,Q39162,4,3,54.933,1.0,2004-03-01,2004-03-01,659.196
7862.0,7863.0,disease_resistance,disease_resistance,P43273,Q39140,5,4,93.333,1.0,1995-11-01,2004-03-01,1866.6599999999999
7862.0,7867.0,disease_resistance,disease_resistance,P43273,Q39163,6,4,83.636,1.0,1995-11-01,2004-03-01,2007.264
7863.0,7867.0,disease_resistance,disease_resistance,Q39140,Q39163,5,4,83.939,1.0,2004-03-01,2004-03-01,1678.7799999999997
7901.0,7906.0,disease_resistance,disease_resistance,Q53Q70,Q2QXL0,4,3,75.0,1.0,2016-09-07,2016-09-07,900.0
1792.0,62812.0,drought_resistance,drought_resistance,Q75V57,Q2V452,8,4,38.024,1.0,2005-07-19,2008-06-10,1216.768
1761.0,62812.0,salt_resistance,salt_resistance,Q38997,Q2V452,8,4,51.685,1.0,1999-07-15,2008-06-10,1653.92
1790.0,62812.0,drought_resistance,drought_resistance,Q75H77,Q2V452,7,4,40.909,1.0,2005-07-19,2008-06-10,1145.452
2341.0,62812.0,drought_resistance,drought_resistance,Q7Y0B9,Q2V452,8,4,40.809,1.0,2005-07-19,2008-06-10,1305.888
2333.0,62812.0,drought_resistance,drought_resistance,Q940H6,Q2V452,10,4,40.809,1.0,2008-07-22,2008-06-10,1632.36
62713.0,62812.0,salt_resistance,salt_resistance,O22932,Q2V452,7,3,47.16,1.0,2004-11-23,2008-06-10,990.3599999999999
62860.0,62812.0,salt_resistance,salt_resistance,Q2QMI0,Q2V452,5,2,43.5,1.0,2008-06-10,2008-06-10,435.0
1792.0,62764.0,disease_resistance,disease_resistance,Q75V57,Q2RAX3,5,2,44.649,1.0,2005-07-19,2008-06-10,446.49
1761.0,62764.0,salt_resistance,disease_resistance,Q38997,Q2RAX3,5,2,49.817,0.0,1999-07-15,2008-06-10,498.17
1790.0,62764.0,drought_resistance,disease_resistance,Q75H77,Q2RAX3,5,2,44.28,0.0,2005-07-19,2008-06-10,442.8
2341.0,62764.0,drought_resistance,disease_resistance,Q7Y0B9,Q2RAX3,6,2,43.542,0.0,2005-07-19,2008-06-10,522.504
2333.0,62764.0,salt_resistance,disease_resistance,Q940H6,Q2RAX3,6,2,44.28,0.0,2008-07-22,2008-06-10,531.36
62713.0,62764.0,drought_resistance,disease_resistance,O22932,Q2RAX3,6,2,47.962,0.0,2004-11-23,2008-06-10,575.5440000000001
62743.0,62764.0,disease_resistance,disease_resistance,Q2QYM3,Q2RAX3,5,2,48.438,1.0,2008-06-10,2008-06-10,484.38
62749.0,62764.0,disease_resistance,disease_resistance,Q2QY53,Q2RAX3,7,3,95.815,1.0,2008-06-10,2008-06-10,2012.115
62742.0,62764.0,disease_resistance,disease_resistance,Q2RBF0,Q2RAX3,5,2,48.292,1.0,2008-06-10,2008-06-10,482.92
62860.0,62764.0,disease_resistance,disease_resistance,Q2QMI0,Q2RAX3,6,2,43.172,1.0,2008-06-10,2008-06-10,518.064
62812.0,62764.0,salt_resistance,disease_resistance,Q2V452,Q2RAX3,6,2,75.166,0.0,2008-06-10,2008-06-10,901.992
1792.0,62713.0,drought_resistance,drought_resistance,Q75V57,O22932,5,3,38.87,1.0,2005-07-19,2004-11-23,583.05
1761.0,62713.0,drought_resistance,drought_resistance,Q38997,O22932,5,3,46.125,1.0,1999-07-15,2004-11-23,691.875
1790.0,62713.0,drought_resistance,drought_resistance,Q75H77,O22932,5,3,40.0,1.0,2005-07-19,2004-11-23,600.0
2341.0,62713.0,drought_resistance,drought_resistance,Q7Y0B9,O22932,6,3,41.912,1.0,2005-07-19,2004-11-23,754.4159999999999
2333.0,62713.0,drought_resistance,drought_resistance,Q940H6,O22932,6,3,41.392,1.0,2008-07-22,2004-11-23,745.056
1792.0,62749.0,disease_resistance,disease_resistance,Q75V57,Q2QY53,5,2,44.28,1.0,2005-07-19,2008-06-10,442.8
1761.0,62749.0,salt_resistance,disease_resistance,Q38997,Q2QY53,5,2,50.183,0.0,1999-07-15,2008-06-10,501.83
1790.0,62749.0,drought_resistance,disease_resistance,Q75H77,Q2QY53,5,2,43.911,0.0,2005-07-19,2008-06-10,439.11
2341.0,62749.0,drought_resistance,disease_resistance,Q7Y0B9,Q2QY53,5,2,43.173,0.0,2005-07-19,2008-06-10,431.73
2333.0,62749.0,drought_resistance,disease_resistance,Q940H6,Q2QY53,5,2,43.911,0.0,2008-07-22,2008-06-10,439.11
62713.0,62749.0,drought_resistance,disease_resistance,O22932,Q2QY53,5,2,49.752,0.0,2004-11-23,2008-06-10,497.52000000000004
62742.0,62749.0,disease_resistance,disease_resistance,Q2RBF0,Q2QY53,5,2,50.236,1.0,2008-06-10,2008-06-10,502.35999999999996
62860.0,62749.0,disease_resistance,disease_resistance,Q2QMI0,Q2QY53,6,2,44.266,1.0,2008-06-10,2008-06-10,531.192
62812.0,62749.0,drought_resistance,disease_resistance,Q2V452,Q2QY53,5,2,78.161,0.0,2008-06-10,2008-06-10,781.61
1792.0,2341.0,drought_resistance,drought_resistance,Q75V57,Q7Y0B9,9,5,82.873,1.0,2005-07-19,2005-07-19,3729.2850000000003
1790.0,2341.0,drought_resistance,drought_resistance,Q75H77,Q7Y0B9,10,5,86.981,1.0,2005-07-19,2005-07-19,4349.049999999999
1792.0,1761.0,drought_resistance,drought_resistance,Q75V57,Q38997,9,4,46.468,1.0,2005-07-19,1999-07-15,1672.8480000000002
2341.0,1761.0,drought_resistance,drought_resistance,Q7Y0B9,Q38997,9,4,45.725,1.0,2005-07-19,1999-07-15,1646.1000000000001
2333.0,1761.0,drought_resistance,drought_resistance,Q940H6,Q38997,11,4,44.558,1.0,2008-07-22,1999-07-15,1960.552
1792.0,2333.0,drought_resistance,drought_resistance,Q75V57,Q940H6,10,5,80.495,1.0,2005-07-19,2008-07-22,4024.75
1790.0,2333.0,drought_resistance,drought_resistance,Q75H77,Q940H6,9,5,82.143,1.0,2005-07-19,2008-07-22,3696.435
2341.0,2333.0,drought_resistance,drought_resistance,Q7Y0B9,Q940H6,10,5,81.267,1.0,2005-07-19,2008-07-22,4063.35
7972.0,7982.0,disease_resistance,disease_resistance,P93002,Q5ICL9,10,3,38.993,1.0,2002-03-05,2011-05-03,1169.79
3568.0,1878.0,drought_resistance,drought_resistance,Q93WU8,Q9LY00,19,3,45.872,1.0,2003-04-11,2003-04-11,2614.704
1634.0,1635.0,insect_resistance,insect_resistance,O22264,Q9FLR1,4,3,62.069,1.0,2007-05-01,2012-02-22,744.828
1602.0,1615.0,insect_resistance,insect_resistance,O49782,Q9SPG2,6,3,38.781,1.0,2013-12-11,2012-02-22,698.058
1635.0,1615.0,insect_resistance,insect_resistance,Q9FLR1,Q9SPG2,10,3,60.16,1.0,2012-02-22,2012-02-22,1804.8
1635.0,1602.0,insect_resistance,insect_resistance,Q9FLR1,O49782,7,4,56.109,1.0,2012-02-22,2013-12-11,1571.0520000000001
1675.0,1722.0,salt_resistance,salt_resistance,Q38882,Q9T053,14,5,44.31,1.0,1997-11-01,2002-04-03,3101.7000000000003
1723.0,1722.0,salt_resistance,salt_resistance,Q9T051,Q9T053,12,5,90.296,1.0,2002-04-03,2002-04-03,5417.76
1747.0,1722.0,salt_resistance,salt_resistance,Q9C5Y0,Q9T053,10,5,51.259,1.0,2002-04-03,2002-04-03,2562.95
1675.0,1723.0,salt_resistance,salt_resistance,Q38882,Q9T051,10,5,44.819,1.0,1997-11-01,2002-04-03,2240.9500000000003
1747.0,1723.0,salt_resistance,salt_resistance,Q9C5Y0,Q9T051,10,5,50.799,1.0,2002-04-03,2002-04-03,2539.95
1675.0,1747.0,salt_resistance,salt_resistance,Q38882,Q9C5Y0,12,5,45.117,1.0,1997-11-01,2002-04-03,2707.02
1761.0,62742.0,salt_resistance,salt_resistance,Q38997,Q2RBF0,4,2,43.678,1.0,1999-07-15,2008-06-10,349.424
2333.0,62742.0,salt_resistance,salt_resistance,Q940H6,Q2RBF0,4,2,40.0,1.0,2008-07-22,2008-06-10,320.0
62713.0,62742.0,salt_resistance,salt_resistance,O22932,Q2RBF0,5,2,47.877,1.0,2004-11-23,2008-06-10,478.77000000000004
62812.0,62742.0,drought_resistance,drought_resistance,Q2V452,Q2RBF0,5,2,49.88,1.0,2008-06-10,2008-06-10,498.8
1761.0,1790.0,drought_resistance,drought_resistance,Q38997,Q75H77,9,4,47.744,1.0,1999-07-15,2005-07-19,1718.784
1761.0,62743.0,salt_resistance,disease_resistance,Q38997,Q2QYM3,4,2,43.295,0.0,1999-07-15,2008-06-10,346.36
2333.0,62743.0,salt_resistance,disease_resistance,Q940H6,Q2QYM3,4,2,40.0,0.0,2008-07-22,2008-06-10,320.0
62713.0,62743.0,drought_resistance,disease_resistance,O22932,Q2QYM3,5,2,47.877,0.0,2004-11-23,2008-06-10,478.77000000000004
62749.0,62743.0,disease_resistance,disease_resistance,Q2QY53,Q2QYM3,5,2,50.116,1.0,2008-06-10,2008-06-10,501.15999999999997
62742.0,62743.0,disease_resistance,disease_resistance,Q2RBF0,Q2QYM3,5,2,99.539,1.0,2008-06-10,2008-06-10,995.39
62860.0,62743.0,disease_resistance,disease_resistance,Q2QMI0,Q2QYM3,5,2,40.222,1.0,2008-06-10,2008-06-10,402.22
62812.0,62743.0,drought_resistance,disease_resistance,Q2V452,Q2QYM3,5,2,48.736,0.0,2008-06-10,2008-06-10,487.35999999999996
1790.0,1792.0,drought_resistance,drought_resistance,Q75H77,Q75V57,9,5,89.256,1.0,2005-07-19,2005-07-19,4016.52
2429.0,2518.0,salt_resistance,salt_resistance,Q53NF7,Q9FKA0,4,3,52.761,1.0,2005-12-20,2015-07-22,633.1320000000001
2412.0,2518.0,salt_resistance,salt_resistance,Q9C598,Q9FKA0,7,3,54.43,1.0,2010-10-05,2015-07-22,1143.03
6263.0,2518.0,salt_resistance,salt_resistance,Q5CD17,Q9FKA0,4,3,58.602,1.0,2005-12-20,2015-07-22,703.2239999999999
3610.0,2518.0,salt_resistance,salt_resistance,Q9SCK6,Q9FKA0,5,3,51.299,1.0,2015-04-01,2015-07-22,769.485
3575.0,2518.0,drought_resistance,salt_resistance,Q949N0,Q9FKA0,7,3,55.901,0.0,2015-04-01,2015-07-22,1173.921
6263.0,2412.0,disease_resistance,disease_resistance,Q5CD17,Q9C598,4,3,42.857,1.0,2005-12-20,2010-10-05,514.284
3610.0,2412.0,drought_resistance,drought_resistance,Q9SCK6,Q9C598,4,3,37.132,1.0,2015-04-01,2010-10-05,445.58399999999995
28142.0,2412.0,plant_height_reduce,salt_resistance,Q8GWK6,Q9C598,4,3,38.15,0.0,2016-03-16,2010-10-05,457.79999999999995
2412.0,2429.0,salt_resistance,salt_resistance,Q9C598,Q53NF7,4,3,74.854,1.0,2010-10-05,2005-12-20,898.248
2807.0,63017.0,salt_resistance,salt_resistance,Q7G1L2,O80340,6,4,56.044,1.0,2007-08-21,2000-05-30,1345.056
2807.0,2829.0,drought_resistance,drought_resistance,Q7G1L2,O80338,4,3,71.642,1.0,2007-08-21,2000-05-30,859.704
2807.0,2933.0,drought_resistance,drought_resistance,Q7G1L2,Q9XI33,5,3,67.213,1.0,2007-08-21,2007-08-21,1008.1949999999999
2173.0,2179.0,disease_resistance,disease_resistance,Q6QHD1,Q0DAJ3,6,3,59.557,1.0,2016-09-07,2016-09-07,1072.026
82.0,10880.0,disease_resistance,disease_resistance,Q8GYF5,Q8RY17,7,4,39.08,1.0,2006-10-17,2006-10-17,1094.24
147.0,10880.0,disease_resistance,disease_resistance,Q9M342,Q8RY17,7,4,46.959,1.0,2006-10-17,2006-10-17,1314.852
76.0,10880.0,disease_resistance,disease_resistance,Q8RY67,Q8RY17,7,4,43.087,1.0,2006-10-17,2006-10-17,1206.4360000000001
55.0,10880.0,disease_resistance,disease_resistance,Q8VYG0,Q8RY17,7,4,43.003,1.0,2016-03-16,2006-10-17,1204.084
82.0,76.0,disease_resistance,disease_resistance,Q8GYF5,Q8RY67,8,4,52.284,1.0,2006-10-17,2006-10-17,1673.088
41.0,76.0,disease_resistance,disease_resistance,P0C5E2,Q8RY67,6,3,49.836,1.0,2007-09-11,2006-10-17,897.048
59.0,76.0,disease_resistance,disease_resistance,F4HQ17,Q8RY67,8,4,49.831,1.0,2016-03-16,2006-10-17,1594.592
13922.0,76.0,disease_resistance,disease_resistance,F4I3V3,Q8RY67,8,4,45.687,1.0,2016-03-16,2006-10-17,1461.984
82.0,73.0,disease_resistance,disease_resistance,Q8GYF5,Q9C6K9,6,4,39.159,1.0,2006-10-17,2016-03-16,939.816
76.0,73.0,disease_resistance,disease_resistance,Q8RY67,Q9C6K9,7,4,40.139,1.0,2006-10-17,2016-03-16,1123.892
55.0,73.0,disease_resistance,disease_resistance,Q8VYG0,Q9C6K9,8,4,43.344,1.0,2016-03-16,2016-03-16,1387.008
41.0,73.0,disease_resistance,disease_resistance,P0C5E2,Q9C6K9,7,3,42.399,1.0,2007-09-11,2016-03-16,890.379
59.0,73.0,disease_resistance,disease_resistance,F4HQ17,Q9C6K9,8,4,41.896,1.0,2016-03-16,2016-03-16,1340.672
13922.0,73.0,disease_resistance,disease_resistance,F4I3V3,Q9C6K9,6,4,38.235,1.0,2016-03-16,2016-03-16,917.64
2254.0,2263.0,drought_resistance,drought_resistance,Q6Z965,Q84QK0,8,4,56.032,1.0,2011-06-28,2011-06-28,1793.024
2196.0,2173.0,disease_resistance,disease_resistance,Q9C5T4,Q6QHD1,7,3,48.876,1.0,2002-05-15,2016-09-07,1026.396
836.0,838.0,drought_resistance,drought_resistance,P49597,Q0JLP9,8,4,61.976,1.0,1996-02-01,2009-02-10,1983.232
836.0,843.0,drought_resistance,drought_resistance,P49597,Q6L4R7,9,5,61.078,1.0,1996-02-01,2009-03-03,2748.51
838.0,843.0,drought_resistance,drought_resistance,Q0JLP9,Q6L4R7,8,4,72.932,1.0,2009-02-10,2009-03-03,2333.824
836.0,849.0,drought_resistance,drought_resistance,P49597,Q9CAJ0,10,5,58.407,1.0,1996-02-01,2008-07-22,2920.35
838.0,849.0,drought_resistance,drought_resistance,Q0JLP9,Q9CAJ0,8,4,60.651,1.0,2009-02-10,2008-07-22,1940.832
852.0,849.0,drought_resistance,drought_resistance,Q6L5H6,Q9CAJ0,9,5,57.771,1.0,2009-02-10,2008-07-22,2599.695
843.0,849.0,drought_resistance,drought_resistance,Q6L4R7,Q9CAJ0,8,5,58.944,1.0,2009-03-03,2008-07-22,2357.76
836.0,852.0,drought_resistance,drought_resistance,P49597,Q6L5H6,9,5,54.094,1.0,1996-02-01,2009-02-10,2434.23
838.0,852.0,drought_resistance,drought_resistance,Q0JLP9,Q6L5H6,8,4,60.571,1.0,2009-02-10,2009-02-10,1938.272
843.0,852.0,drought_resistance,drought_resistance,Q6L4R7,Q6L5H6,9,5,61.561,1.0,2009-03-03,2009-02-10,2770.245
836.0,891.0,drought_resistance,drought_resistance,P49597,Q9FIF5,10,5,49.02,1.0,1996-02-01,2009-04-14,2451.0
838.0,891.0,drought_resistance,drought_resistance,Q0JLP9,Q9FIF5,8,4,47.018,1.0,2009-02-10,2009-04-14,1504.576
852.0,891.0,drought_resistance,drought_resistance,Q6L5H6,Q9FIF5,8,5,46.786,1.0,2009-02-10,2009-04-14,1871.44
843.0,891.0,drought_resistance,drought_resistance,Q6L4R7,Q9FIF5,10,5,46.667,1.0,2009-03-03,2009-04-14,2333.35
849.0,891.0,drought_resistance,drought_resistance,Q9CAJ0,Q9FIF5,8,5,43.0,1.0,2008-07-22,2009-04-14,1720.0
244.0,245.0,drought_resistance,drought_resistance,P24101,Q9SMU8,21,5,93.275,1.0,1992-03-01,2002-11-25,9793.875
545.0,546.0,drought_resistance,drought_resistance,P43295,Q9SUL1,8,4,71.687,1.0,1995-11-01,2016-06-08,2293.984
543.0,546.0,drought_resistance,drought_resistance,P43296,Q9SUL1,10,5,69.022,1.0,1995-11-01,2016-06-08,3451.1000000000004
545.0,561.0,drought_resistance,drought_resistance,P43295,P43297,6,3,36.782,1.0,1995-11-01,1995-11-01,662.0759999999999
543.0,561.0,drought_resistance,drought_resistance,P43296,P43297,9,3,37.5,1.0,1995-11-01,1995-11-01,1012.5
546.0,561.0,drought_resistance,drought_resistance,Q9SUL1,P43297,8,3,39.597,1.0,2016-06-08,1995-11-01,950.328
543.0,545.0,drought_resistance,drought_resistance,P43296,P43295,8,4,82.192,1.0,1995-11-01,1995-11-01,2630.144
41.0,82.0,disease_resistance,disease_resistance,P0C5E2,Q8GYF5,5,3,44.59,1.0,2007-09-11,2006-10-17,668.85
59.0,82.0,disease_resistance,disease_resistance,F4HQ17,Q8GYF5,7,4,46.98,1.0,2016-03-16,2006-10-17,1315.4399999999998
13922.0,82.0,disease_resistance,disease_resistance,F4I3V3,Q8GYF5,8,4,41.139,1.0,2016-03-16,2006-10-17,1316.448
59.0,6530.0,disease_resistance,disease_resistance,F4HQ17,F4HQ22,7,3,38.792,1.0,2016-03-16,2016-04-13,814.6320000000001
6523.0,6530.0,disease_resistance,disease_resistance,F4HQ20,F4HQ22,7,4,56.355,1.0,2016-04-13,2016-04-13,1577.9399999999998
6497.0,6530.0,disease_resistance,disease_resistance,D7SFH9,F4HQ22,8,4,70.667,1.0,2014-10-29,2016-04-13,2261.344
59.0,13922.0,disease_resistance,disease_resistance,F4HQ17,F4I3V3,7,4,37.143,1.0,2016-03-16,2016-03-16,1040.004
1279.0,1330.0,disease_resistance,disease_resistance,Q39026,Q53N72,9,3,52.395,1.0,1997-11-01,2006-06-13,1414.6650000000002
1285.0,1330.0,disease_resistance,disease_resistance,Q39024,Q53N72,9,3,50.453,1.0,1997-11-01,2006-06-13,1362.231
1267.0,1330.0,disease_resistance,disease_resistance,Q10N20,Q53N72,8,3,47.447,1.0,2007-09-11,2006-06-13,1138.728
1279.0,1285.0,salt_resistance,salt_resistance,Q39026,Q39024,16,4,71.671,1.0,1997-11-01,1997-11-01,4586.944
1267.0,1285.0,disease_resistance,disease_resistance,Q10N20,Q39024,11,5,65.73,1.0,2007-09-11,1997-11-01,3615.15
1212.0,1226.0,salt_resistance,salt_resistance,Q0E4K1,Q0D9C4,15,5,72.154,1.0,2007-07-10,2007-07-10,5411.549999999999
1267.0,1279.0,disease_resistance,disease_resistance,Q10N20,Q39026,11,4,75.141,1.0,2007-09-11,1997-11-01,3306.204
1231.0,1237.0,drought_resistance,drought_resistance,Q0JCU7,Q9FGC7,9,5,66.719,1.0,2011-07-27,2011-07-27,3002.3549999999996
6450.0,6458.0,disease_resistance,disease_resistance,P0C8S1,P0DI17,4,2,50.63,1.0,2009-03-03,2012-05-16,405.04
6460.0,6458.0,disease_resistance,disease_resistance,F4IBE4,P0DI17,4,2,84.747,1.0,2012-05-16,2012-05-16,677.976
6450.0,6457.0,disease_resistance,disease_resistance,P0C8S1,Q9XIF0,4,2,50.384,1.0,2009-03-03,2003-04-11,403.072
6452.0,6457.0,disease_resistance,disease_resistance,Q9FJK8,Q9XIF0,4,2,52.288,1.0,2003-04-11,2003-04-11,418.304
6453.0,6457.0,disease_resistance,disease_resistance,Q8W474,Q9XIF0,4,2,53.728,1.0,2003-04-11,2003-04-11,429.824
6451.0,6457.0,disease_resistance,disease_resistance,Q9FJB5,Q9XIF0,4,2,50.165,1.0,2003-04-11,2003-04-11,401.32
6456.0,6457.0,disease_resistance,disease_resistance,Q9C646,Q9XIF0,4,2,53.618,1.0,2003-04-11,2003-04-11,428.944
6454.0,6457.0,disease_resistance,disease_resistance,Q9LQ54,Q9XIF0,4,2,53.846,1.0,2004-04-13,2003-04-11,430.768
6455.0,6457.0,disease_resistance,disease_resistance,Q8W3K3,Q9XIF0,4,2,54.308,1.0,2003-04-11,2003-04-11,434.464
6449.0,6457.0,disease_resistance,disease_resistance,Q8W4J9,Q9XIF0,4,2,50.983,1.0,2003-04-11,2003-04-11,407.864
6460.0,6457.0,disease_resistance,disease_resistance,P0DI16,Q9XIF0,4,2,51.903,1.0,2012-05-16,2003-04-11,415.224
6459.0,6457.0,disease_resistance,disease_resistance,Q8W3K0,Q9XIF0,4,2,52.806,1.0,2003-04-11,2003-04-11,422.448
6458.0,6457.0,disease_resistance,disease_resistance,P0DI17,Q9XIF0,4,2,52.234,1.0,2012-05-16,2003-04-11,417.872
6461.0,6457.0,disease_resistance,disease_resistance,Q9SX38,Q9XIF0,4,2,36.551,1.0,2004-04-13,2003-04-11,292.408
6450.0,6459.0,disease_resistance,disease_resistance,P0C8S1,Q8W3K0,4,2,50.859,1.0,2009-03-03,2003-04-11,406.872
6452.0,6459.0,disease_resistance,disease_resistance,P59584,Q8W3K0,4,2,50.284,1.0,2003-04-11,2003-04-11,402.272
6449.0,6459.0,disease_resistance,disease_resistance,Q8W4J9,Q8W3K0,4,2,51.2,1.0,2003-04-11,2003-04-11,409.6
6460.0,6459.0,disease_resistance,disease_resistance,F4IBE4,Q8W3K0,4,2,78.963,1.0,2012-05-16,2003-04-11,631.704
6458.0,6459.0,disease_resistance,disease_resistance,P0DI17,Q8W3K0,4,2,78.189,1.0,2012-05-16,2003-04-11,625.512
6450.0,6461.0,disease_resistance,disease_resistance,P0C8S1,Q9SX38,4,2,39.7,1.0,2009-03-03,2004-04-13,317.6
6452.0,6461.0,disease_resistance,disease_resistance,P59584,Q9SX38,4,2,38.619,1.0,2003-04-11,2004-04-13,308.952
6453.0,6461.0,disease_resistance,disease_resistance,Q8W474,Q9SX38,4,2,38.261,1.0,2003-04-11,2004-04-13,306.088
6451.0,6461.0,disease_resistance,disease_resistance,Q9FJB5,Q9SX38,4,2,39.394,1.0,2003-04-11,2004-04-13,315.152
6456.0,6461.0,disease_resistance,disease_resistance,Q9C646,Q9SX38,4,2,36.641,1.0,2003-04-11,2004-04-13,293.128
6454.0,6461.0,disease_resistance,disease_resistance,Q9LQ54,Q9SX38,4,2,37.935,1.0,2004-04-13,2004-04-13,303.48
6455.0,6461.0,disease_resistance,disease_resistance,Q8W3K3,Q9SX38,4,2,38.126,1.0,2003-04-11,2004-04-13,305.008
6448.0,6461.0,disease_resistance,disease_resistance,A7XGN8,Q9SX38,4,2,39.893,1.0,2011-03-08,2004-04-13,319.144
6449.0,6461.0,disease_resistance,disease_resistance,Q8W4J9,Q9SX38,4,2,39.417,1.0,2003-04-11,2004-04-13,315.336
6460.0,6461.0,disease_resistance,disease_resistance,F4IBE4,Q9SX38,4,2,38.787,1.0,2012-05-16,2004-04-13,310.296
6459.0,6461.0,disease_resistance,disease_resistance,Q8W3K0,Q9SX38,4,2,36.818,1.0,2003-04-11,2004-04-13,294.544
6458.0,6461.0,disease_resistance,disease_resistance,P0DI17,Q9SX38,4,2,38.435,1.0,2012-05-16,2004-04-13,307.48
6450.0,6455.0,disease_resistance,disease_resistance,P0C8S1,Q8W3K3,4,2,53.618,1.0,2009-03-03,2003-04-11,428.944
6448.0,6455.0,disease_resistance,disease_resistance,A7XGN8,Q8W3K3,4,2,50.109,1.0,2011-03-08,2003-04-11,400.872
6449.0,6455.0,disease_resistance,disease_resistance,Q8W4J9,Q8W3K3,4,2,51.69,1.0,2003-04-11,2003-04-11,413.52
6460.0,6455.0,disease_resistance,disease_resistance,P0DI16,Q8W3K3,4,2,65.167,1.0,2012-05-16,2003-04-11,521.336
6459.0,6455.0,disease_resistance,disease_resistance,Q8W3K0,Q8W3K3,4,2,65.561,1.0,2003-04-11,2003-04-11,524.488
6458.0,6455.0,disease_resistance,disease_resistance,P0DI17,Q8W3K3,4,2,63.647,1.0,2012-05-16,2003-04-11,509.176
6450.0,6456.0,disease_resistance,disease_resistance,P0C8S1,Q9C646,4,2,53.084,1.0,2009-03-03,2003-04-11,424.672
6453.0,6456.0,disease_resistance,disease_resistance,Q8W474,Q9C646,4,2,66.445,1.0,2003-04-11,2003-04-11,531.56
6455.0,6456.0,disease_resistance,disease_resistance,Q8W3K3,Q9C646,4,2,69.469,1.0,2003-04-11,2003-04-11,555.752
6448.0,6456.0,disease_resistance,disease_resistance,A7XGN8,Q9C646,4,2,51.811,1.0,2011-03-08,2003-04-11,414.488
6449.0,6456.0,disease_resistance,disease_resistance,Q8W4J9,Q9C646,4,2,52.851,1.0,2003-04-11,2003-04-11,422.808
6460.0,6456.0,disease_resistance,disease_resistance,P0DI16,Q9C646,4,2,65.313,1.0,2012-05-16,2003-04-11,522.504
6459.0,6456.0,disease_resistance,disease_resistance,Q8W3K0,Q9C646,4,2,65.593,1.0,2003-04-11,2003-04-11,524.744
6458.0,6456.0,disease_resistance,disease_resistance,P0DI17,Q9C646,4,2,64.203,1.0,2012-05-16,2003-04-11,513.624
6450.0,6454.0,disease_resistance,disease_resistance,P0C8S1,Q9LQ54,4,2,52.193,1.0,2009-03-03,2004-04-13,417.544
6452.0,6454.0,disease_resistance,disease_resistance,P59584,Q9LQ54,4,2,51.369,1.0,2003-04-11,2004-04-13,410.952
6453.0,6454.0,disease_resistance,disease_resistance,Q8W474,Q9LQ54,4,2,55.082,1.0,2003-04-11,2004-04-13,440.656
6451.0,6454.0,disease_resistance,disease_resistance,Q9FJB5,Q9LQ54,4,2,50.439,1.0,2003-04-11,2004-04-13,403.512
6456.0,6454.0,disease_resistance,disease_resistance,Q9C646,Q9LQ54,4,2,55.138,1.0,2003-04-11,2004-04-13,441.104
6455.0,6454.0,disease_resistance,disease_resistance,Q8W3K3,Q9LQ54,4,2,55.263,1.0,2003-04-11,2004-04-13,442.104
6448.0,6454.0,disease_resistance,disease_resistance,A7XGN8,Q9LQ54,4,2,50.818,1.0,2011-03-08,2004-04-13,406.544
6449.0,6454.0,disease_resistance,disease_resistance,Q8W4J9,Q9LQ54,4,2,52.141,1.0,2003-04-11,2004-04-13,417.128
6460.0,6454.0,disease_resistance,disease_resistance,P0DI16,Q9LQ54,4,2,55.723,1.0,2012-05-16,2004-04-13,445.784
6459.0,6454.0,disease_resistance,disease_resistance,Q8W3K0,Q9LQ54,4,2,54.368,1.0,2003-04-11,2004-04-13,434.944
6458.0,6454.0,disease_resistance,disease_resistance,P0DI17,Q9LQ54,4,2,55.568,1.0,2012-05-16,2004-04-13,444.544
6450.0,6453.0,disease_resistance,disease_resistance,P0C8S1,Q8W474,4,2,53.115,1.0,2009-03-03,2003-04-11,424.92
6452.0,6453.0,disease_resistance,disease_resistance,P59584,Q8W474,4,2,53.413,1.0,2003-04-11,2003-04-11,427.304
6448.0,6453.0,disease_resistance,disease_resistance,O04093,Q8W474,4,2,51.37,1.0,2003-04-11,2003-04-11,410.96
6455.0,6453.0,disease_resistance,disease_resistance,Q8W3K3,Q8W474,4,2,67.031,1.0,2003-04-11,2003-04-11,536.248
6449.0,6453.0,disease_resistance,disease_resistance,Q8W4J9,Q8W474,4,2,54.289,1.0,2003-04-11,2003-04-11,434.312
6460.0,6453.0,disease_resistance,disease_resistance,F4IBE4,Q8W474,4,2,68.427,1.0,2012-05-16,2003-04-11,547.416
6459.0,6453.0,disease_resistance,disease_resistance,Q8W3K0,Q8W474,4,2,64.538,1.0,2003-04-11,2003-04-11,516.304
6458.0,6453.0,disease_resistance,disease_resistance,P0DI17,Q8W474,4,2,67.162,1.0,2012-05-16,2003-04-11,537.296
6450.0,6451.0,disease_resistance,disease_resistance,P0C8S1,Q9FJB5,4,2,72.216,1.0,2009-03-03,2003-04-11,577.728
6453.0,6451.0,disease_resistance,disease_resistance,Q8W474,Q9FJB5,4,2,52.24,1.0,2003-04-11,2003-04-11,417.92
6456.0,6451.0,disease_resistance,disease_resistance,Q9C646,Q9FJB5,4,2,51.211,1.0,2003-04-11,2003-04-11,409.688
6448.0,6451.0,disease_resistance,disease_resistance,O04093,Q9FJB5,4,2,67.631,1.0,2003-04-11,2003-04-11,541.048
6455.0,6451.0,disease_resistance,disease_resistance,Q8W3K3,Q9FJB5,4,2,50.383,1.0,2003-04-11,2003-04-11,403.064
6449.0,6451.0,disease_resistance,disease_resistance,Q8W4J9,Q9FJB5,4,2,81.167,1.0,2003-04-11,2003-04-11,649.336
6460.0,6451.0,disease_resistance,disease_resistance,F4IBE4,Q9FJB5,4,2,49.769,1.0,2012-05-16,2003-04-11,398.152
6459.0,6451.0,disease_resistance,disease_resistance,Q8W3K0,Q9FJB5,4,2,49.771,1.0,2003-04-11,2003-04-11,398.168
6458.0,6451.0,disease_resistance,disease_resistance,P0DI18,Q9FJB5,4,2,48.794,1.0,2012-05-16,2003-04-11,390.352
6450.0,6452.0,disease_resistance,disease_resistance,P0C8S1,P59584,4,2,71.038,1.0,2009-03-03,2003-04-11,568.304
6449.0,6452.0,disease_resistance,disease_resistance,Q8W4J9,P59584,5,2,91.429,1.0,2003-04-11,2003-04-11,914.29
6458.0,6452.0,disease_resistance,disease_resistance,P0DI17,P59584,6,2,49.487,1.0,2012-05-16,2003-04-11,593.844
6451.0,6448.0,disease_resistance,disease_resistance,Q9FJB5,A9QGV6,4,2,68.553,1.0,2003-04-11,2011-03-08,548.424
6455.0,6448.0,disease_resistance,disease_resistance,Q8W3K3,A9QGV6,4,2,49.782,1.0,2003-04-11,2011-03-08,398.256
6449.0,6448.0,disease_resistance,disease_resistance,Q8W4J9,A9QGV6,6,3,69.172,1.0,2003-04-11,2011-03-08,1245.096
6448.0,6452.0,disease_resistance,disease_resistance,O04093,Q9FJK8,4,2,68.966,1.0,2003-04-11,2003-04-11,551.728
6460.0,6452.0,disease_resistance,disease_resistance,F4IBE4,Q9FJK8,4,2,50.23,1.0,2012-05-16,2003-04-11,401.84
6448.0,6460.0,disease_resistance,disease_resistance,A7XGN8,F4IBE4,5,2,49.54,1.0,2011-03-08,2012-05-16,495.4
6308.0,6345.0,salt_resistance,salt_resistance,Q3HRP1,O81223,4,3,60.0,1.0,2008-06-10,2004-12-21,720.0
5692.0,5699.0,disease_resistance,disease_resistance,Q2QVG9,Q53N47,4,3,55.689,1.0,2011-09-21,2011-09-21,668.268
5698.0,5699.0,disease_resistance,disease_resistance,Q53LY0,Q53N47,4,3,65.073,1.0,2011-09-21,2011-09-21,780.876
5692.0,5698.0,disease_resistance,disease_resistance,Q2QVG9,Q53LY0,4,3,71.215,1.0,2011-09-21,2011-09-21,854.58
6449.0,6460.0,disease_resistance,disease_resistance,Q8W4J9,P0DI16,5,2,50.345,1.0,2003-04-11,2012-05-16,503.45
6449.0,6458.0,disease_resistance,disease_resistance,Q8W4J9,P0DI18,4,2,49.943,1.0,2003-04-11,2012-05-16,399.544
6449.0,6450.0,disease_resistance,disease_resistance,Q8W4J9,P0C8S1,4,2,71.007,1.0,2003-04-11,2009-03-03,568.056
6460.0,6450.0,disease_resistance,disease_resistance,F4IBE4,P0C8S1,4,2,51.376,1.0,2012-05-16,2009-03-03,411.008
6530.0,6526.0,disease_resistance,disease_resistance,F4HQ22,F4HQ23,8,4,53.035,1.0,2016-04-13,2016-04-13,1697.12
6523.0,6526.0,disease_resistance,disease_resistance,F4HQ20,F4HQ23,7,4,62.677,1.0,2016-04-13,2016-04-13,1754.956
6497.0,6526.0,disease_resistance,disease_resistance,D7SFH9,F4HQ23,8,4,73.913,1.0,2014-10-29,2016-04-13,2365.216
6530.0,6536.0,disease_resistance,disease_resistance,F4HQ22,F4KA50,8,4,52.885,1.0,2016-04-13,2016-04-13,1692.32
6526.0,6536.0,disease_resistance,disease_resistance,F4HQ23,F4KA50,8,4,47.115,1.0,2016-04-13,2016-04-13,1507.68
6523.0,6536.0,disease_resistance,disease_resistance,F4HQ20,F4KA50,7,4,45.538,1.0,2016-04-13,2016-04-13,1275.0639999999999
6497.0,6536.0,disease_resistance,disease_resistance,D7SFH9,F4KA50,8,4,61.942,1.0,2014-10-29,2016-04-13,1982.144
6462.0,6477.0,disease_resistance,disease_resistance,C6KIE6,Q9C516,11,3,45.359,1.0,2013-09-18,2013-09-18,1496.847
6497.0,6523.0,disease_resistance,disease_resistance,D7SFH9,F4HQ20,7,4,70.361,1.0,2014-10-29,2016-04-13,1970.1080000000002
3304.0,3374.0,disease_resistance,disease_resistance,Q9SWW6,Q2QNS6,6,4,41.808,1.0,2005-08-30,2008-02-26,1003.392
3294.0,3374.0,disease_resistance,disease_resistance,Q8LPK5,Q2QNS6,6,4,46.347,1.0,2005-08-30,2008-02-26,1112.328
3300.0,3374.0,disease_resistance,disease_resistance,Q84JA6,Q2QNS6,6,4,45.772,1.0,2005-08-30,2008-02-26,1098.528
3294.0,3300.0,disease_resistance,disease_resistance,Q8LPK5,Q84JA6,12,5,63.541,1.0,2005-08-30,2005-08-30,3812.46
3294.0,3304.0,disease_resistance,disease_resistance,Q8LPK5,Q9SWW6,10,5,62.671,1.0,2005-08-30,2005-08-30,3133.55
3300.0,3304.0,disease_resistance,disease_resistance,Q84JA6,Q9SWW6,10,5,64.829,1.0,2005-08-30,2005-08-30,3241.45
3575.0,3610.0,drought_resistance,drought_resistance,Q949N0,Q9SCK6,5,3,55.128,1.0,2015-04-01,2015-04-01,826.92
3651.0,3652.0,salt_resistance,salt_resistance,Q94A06,Q9S7U9,11,4,65.73,1.0,2006-07-11,2006-07-11,2892.1200000000003
3035.0,11371.0,disease_resistance,disease_resistance,Q9C5S8,Q0D5R2,6,3,40.625,1.0,2007-07-10,2016-09-07,731.25
3028.0,3171.0,disease_resistance,disease_resistance,Q8GY82,Q9LPZ9,6,3,45.791,1.0,2015-04-29,2010-11-30,824.2379999999999
3028.0,3035.0,disease_resistance,disease_resistance,Q8GY82,Q9C5S8,5,3,45.333,1.0,2015-04-29,2007-07-10,679.995
4794.0,4957.0,drought_resistance,drought_resistance,Q9M0L0,Q3T5N4,4,3,45.024,1.0,2004-05-24,2008-03-18,540.288
4974.0,5022.0,drought_resistance,drought_resistance,Q9M9E1,Q9XIE2,9,3,57.66,1.0,2006-05-16,2006-05-16,1556.82
5371.0,5375.0,drought_resistance,drought_resistance,O49312,O64489,8,4,65.877,1.0,2010-11-02,2010-11-02,2108.064
5371.0,5422.0,drought_resistance,drought_resistance,O49312,Q9LPL3,8,4,46.154,1.0,2010-11-02,2010-11-02,1476.928
5375.0,5422.0,drought_resistance,drought_resistance,O64489,Q9LPL3,9,4,47.815,1.0,2010-11-02,2010-11-02,1721.34
5371.0,5429.0,drought_resistance,drought_resistance,O49312,Q9FVQ0,5,4,42.553,1.0,2010-11-02,2010-11-02,851.06
5422.0,5429.0,drought_resistance,drought_resistance,Q9LPL3,Q9FVQ0,6,4,51.053,1.0,2010-11-02,2010-11-02,1225.272
5375.0,5429.0,drought_resistance,drought_resistance,O64489,Q9FVQ0,6,4,46.524,1.0,2010-11-02,2010-11-02,1116.576
4610.0,4581.0,disease_resistance,disease_resistance,Q6XBF8,Q9LEW3,4,4,36.609,1.0,2013-01-09,2016-04-13,585.744
4522.0,4581.0,drought_resistance,disease_resistance,Q9LS40,Q9LEW3,4,3,38.614,0.0,2012-05-16,2016-04-13,463.36799999999994
16364.0,16365.0,disease_resistance,disease_resistance,Q9SCS8,Q9SCS9,4,2,60.294,1.0,2015-01-07,2015-01-07,482.352
16363.0,16365.0,disease_resistance,disease_resistance,Q9SCS7,Q9SCS9,4,2,60.748,1.0,2015-01-07,2015-01-07,485.984
16363.0,16364.0,disease_resistance,disease_resistance,Q9SCS7,Q9SCS8,4,2,68.396,1.0,2015-01-07,2015-01-07,547.168
16366.0,16364.0,disease_resistance,disease_resistance,Q9C5Z7,Q9SCS8,4,2,41.096,1.0,2015-01-07,2015-01-07,328.768
15721.0,15750.0,grain_weight_increase,grain_weight_increase,Q2RAP4,Q6F4F5,8,3,36.617,1.0,2017-02-15,2005-07-05,878.808
15733.0,15750.0,grain_weight_increase,grain_weight_increase,Q5CCK3,Q6F4F5,9,4,42.857,1.0,2017-02-15,2005-07-05,1542.8519999999999
15722.0,15750.0,grain_weight_increase,grain_weight_increase,Q5CCK1,Q6F4F5,8,3,36.461,1.0,2017-02-15,2005-07-05,875.064
15721.0,15733.0,grain_weight_increase,grain_weight_increase,Q2RAP4,Q5CCK3,10,3,39.186,1.0,2017-02-15,2017-02-15,1175.58
15722.0,15733.0,grain_weight_increase,grain_weight_increase,Q5CCK1,Q5CCK3,11,3,38.972,1.0,2017-02-15,2017-02-15,1286.076
15721.0,15722.0,grain_weight_increase,grain_weight_increase,Q2RAP4,Q5CCK1,11,4,98.403,1.0,2017-02-15,2017-02-15,4329.732
15553.0,15503.0,disease_resistance,disease_resistance,Q2QM84,Q2QQX6,4,3,52.575,1.0,2007-09-11,2007-09-11,630.9000000000001
15501.0,15503.0,disease_resistance,disease_resistance,Q2R3F5,Q2QQX6,4,3,70.156,1.0,2007-09-11,2007-09-11,841.8720000000001
16528.0,16539.0,disease_resistance,disease_resistance,B9GBJ9,Q2QYH7,5,2,52.031,1.0,2013-05-29,2013-05-29,520.31
15986.0,16000.0,disease_resistance,disease_resistance,Q53NL5,Q7GCM7,7,5,55.363,1.0,2005-08-16,2005-08-16,1937.705
16135.0,16136.0,disease_resistance,disease_resistance,Q60EN8,Q94EE4,8,3,65.644,1.0,2010-11-02,2010-11-02,1575.4560000000001
16688.0,16723.0,disease_resistance,disease_resistance,H2KWF1,Q2R712,6,5,52.88,1.0,2012-09-05,2012-09-05,1586.4
16815.0,6670.0,disease_resistance,disease_resistance,O64747,Q9FL92,4,2,51.575,1.0,2003-04-11,2003-04-11,412.6
16592.0,16646.0,disease_resistance,disease_resistance,B9GE13,Q2R2P7,5,3,44.695,1.0,2016-09-07,2016-07-06,670.425
16592.0,8627.0,disease_resistance,disease_resistance,B9GE13,Q0IMS9,6,3,38.308,1.0,2016-09-07,2017-01-18,689.544
16380.0,16381.0,disease_resistance,disease_resistance,Q9FW44,Q9LZ25,4,2,62.716,1.0,2004-04-13,2004-04-13,501.728
16382.0,16381.0,disease_resistance,disease_resistance,Q9SZA7,Q9LZ25,4,2,64.338,1.0,2004-04-13,2004-04-13,514.704
16380.0,16382.0,disease_resistance,disease_resistance,Q9FW44,Q9SZA7,4,2,58.924,1.0,2004-04-13,2004-04-13,471.392
15251.0,15260.0,grain_weight_increase,grain_weight_increase,Q9ST48,Q9ST59,5,3,83.754,1.0,2005-11-22,2005-11-22,1256.3100000000002
15221.0,15260.0,disease_resistance,plant_height_reduce,Q2QYF3,Q9ST59,4,3,37.343,0.0,2008-04-08,2005-11-22,448.11600000000004
15222.0,15260.0,disease_resistance,plant_height_reduce,Q2RB59,Q9ST59,4,3,37.343,0.0,2008-04-08,2005-11-22,448.11600000000004
15251.0,15254.0,plant_height_reduce,plant_height_reduce,Q9ST48,G9DDR9,5,3,85.15,1.0,2005-11-22,2012-02-22,1277.25
15260.0,15254.0,plant_height_reduce,plant_height_reduce,Q9ST59,G9DDR9,5,3,98.077,1.0,2005-11-22,2012-02-22,1471.155
15221.0,15254.0,disease_resistance,plant_height_reduce,Q2QYF3,G9DDR9,4,3,37.186,0.0,2008-04-08,2012-02-22,446.23199999999997
15222.0,15254.0,disease_resistance,plant_height_reduce,Q2RB59,G9DDR9,4,3,37.186,0.0,2008-04-08,2012-02-22,446.23199999999997
15248.0,15254.0,salt_resistance,plant_height_reduce,Q8GXW1,G9DDR9,5,3,52.74,0.0,2005-11-22,2012-02-22,791.1
15251.0,15253.0,plant_height_reduce,plant_height_reduce,Q9ST48,G9DDS0,5,3,82.992,1.0,2005-11-22,2012-02-22,1244.88
15254.0,15253.0,plant_height_reduce,plant_height_reduce,G9DDR9,G9DDS0,5,3,98.077,1.0,2012-02-22,2012-02-22,1471.155
15260.0,15253.0,plant_height_reduce,plant_height_reduce,Q9ST59,G9DDS0,5,3,97.444,1.0,2005-11-22,2012-02-22,1461.66
15221.0,15253.0,disease_resistance,plant_height_reduce,Q2QYF3,G9DDS0,4,3,37.186,0.0,2008-04-08,2012-02-22,446.23199999999997
15222.0,15253.0,disease_resistance,plant_height_reduce,Q2RB59,G9DDS0,4,3,37.186,0.0,2008-04-08,2012-02-22,446.23199999999997
15248.0,15253.0,salt_resistance,plant_height_reduce,Q8GXW1,G9DDS0,5,3,53.265,0.0,2005-11-22,2012-02-22,798.975
15251.0,15248.0,plant_height_reduce,salt_resistance,Q9ST48,Q8GXW1,6,4,53.99,0.0,2005-11-22,2005-11-22,1295.76
15260.0,15248.0,grain_weight_increase,salt_resistance,Q9ST59,Q8GXW1,5,3,54.188,0.0,2005-11-22,2005-11-22,812.82
15221.0,15248.0,disease_resistance,salt_resistance,Q2QYF3,Q8GXW1,4,3,37.467,0.0,2008-04-08,2005-11-22,449.604
15222.0,15248.0,disease_resistance,salt_resistance,Q2RB59,Q8GXW1,4,3,37.203,0.0,2008-04-08,2005-11-22,446.43600000000004
15221.0,15222.0,disease_resistance,disease_resistance,Q2QYF3,Q2RB59,10,3,96.677,1.0,2008-04-08,2008-04-08,2900.3100000000004
15221.0,15251.0,disease_resistance,plant_height_reduce,Q2QYF3,Q9ST48,4,3,38.071,0.0,2008-04-08,2005-11-22,456.852
15222.0,15251.0,disease_resistance,plant_height_reduce,Q2RB59,Q9ST48,4,3,38.071,0.0,2008-04-08,2005-11-22,456.852
15374.0,15369.0,disease_resistance,disease_resistance,Q2QYS3,Q2RBK2,5,3,98.06,1.0,2007-06-26,2007-06-26,1470.9
15436.0,15369.0,disease_resistance,disease_resistance,Q0IQU1,Q2RBK2,5,3,48.175,1.0,2007-06-26,2007-06-26,722.625
15338.0,15369.0,disease_resistance,disease_resistance,Q2QUN2,Q2RBK2,5,3,47.482,1.0,2007-06-26,2007-06-26,712.23
15447.0,15369.0,disease_resistance,disease_resistance,Q2QZ80,Q2RBK2,5,3,43.649,1.0,2007-06-26,2007-06-26,654.735
15299.0,15369.0,disease_resistance,disease_resistance,Q2R0L0,Q2RBK2,5,3,39.531,1.0,2007-06-26,2007-06-26,592.965
15300.0,15369.0,disease_resistance,disease_resistance,Q2R0L2,Q2RBK2,5,3,41.622,1.0,2007-06-26,2007-06-26,624.33
15333.0,15369.0,disease_resistance,disease_resistance,Q0IP28,Q2RBK2,5,3,48.101,1.0,2007-06-26,2007-06-26,721.515
15374.0,15447.0,disease_resistance,disease_resistance,Q2QYS3,Q2QZ80,5,3,42.808,1.0,2007-06-26,2007-06-26,642.12
15436.0,15447.0,disease_resistance,disease_resistance,Q0IQU1,Q2QZ80,5,3,44.138,1.0,2007-06-26,2007-06-26,662.0699999999999
15338.0,15447.0,disease_resistance,disease_resistance,Q2QUN2,Q2QZ80,5,3,41.356,1.0,2007-06-26,2007-06-26,620.34
15299.0,15447.0,disease_resistance,disease_resistance,Q2R0L0,Q2QZ80,5,3,36.86,1.0,2007-06-26,2007-06-26,552.9
15333.0,15447.0,disease_resistance,disease_resistance,Q0IP28,Q2QZ80,5,3,41.308,1.0,2007-06-26,2007-06-26,619.62
15374.0,15301.0,disease_resistance,disease_resistance,Q2QYS3,Q53LU4,5,3,41.429,1.0,2007-06-26,2007-06-26,621.4350000000001
15436.0,15301.0,disease_resistance,disease_resistance,Q0IQU1,Q53LU4,5,3,40.348,1.0,2007-06-26,2007-06-26,605.22
15369.0,15301.0,disease_resistance,disease_resistance,Q2RBK2,Q53LU4,5,3,41.786,1.0,2007-06-26,2007-06-26,626.79
15338.0,15301.0,disease_resistance,disease_resistance,Q2QUN2,Q53LU4,5,3,43.186,1.0,2007-06-26,2007-06-26,647.79
15447.0,15301.0,disease_resistance,disease_resistance,Q2QZ80,Q53LU4,5,3,37.285,1.0,2007-06-26,2007-06-26,559.275
15299.0,15301.0,disease_resistance,disease_resistance,Q2R0L0,Q53LU4,5,3,81.067,1.0,2007-06-26,2007-06-26,1216.0049999999999
15300.0,15301.0,disease_resistance,disease_resistance,Q2R0L2,Q53LU4,5,3,84.37,1.0,2007-06-26,2007-06-26,1265.5500000000002
15333.0,15301.0,disease_resistance,disease_resistance,Q0IP28,Q53LU4,5,3,44.845,1.0,2007-06-26,2007-06-26,672.675
15374.0,15300.0,disease_resistance,disease_resistance,Q2QYS3,Q2R0L2,5,3,41.822,1.0,2007-06-26,2007-06-26,627.33
15436.0,15300.0,disease_resistance,disease_resistance,Q0IQU1,Q2R0L2,5,3,40.768,1.0,2007-06-26,2007-06-26,611.52
15338.0,15300.0,disease_resistance,disease_resistance,Q2QUN2,Q2R0L2,5,3,44.485,1.0,2007-06-26,2007-06-26,667.275
15447.0,15300.0,disease_resistance,disease_resistance,Q2QZ80,Q2R0L2,5,3,38.07,1.0,2007-06-26,2007-06-26,571.05
15299.0,15300.0,disease_resistance,disease_resistance,Q2R0L0,Q2R0L2,5,3,88.388,1.0,2007-06-26,2007-06-26,1325.8200000000002
15333.0,15300.0,disease_resistance,disease_resistance,Q0IP28,Q2R0L2,5,3,45.326,1.0,2007-06-26,2007-06-26,679.89
15436.0,15374.0,disease_resistance,disease_resistance,Q0IQU1,Q2QYS3,5,3,48.175,1.0,2007-06-26,2007-06-26,722.625
15338.0,15374.0,disease_resistance,disease_resistance,Q2QUN2,Q2QYS3,5,3,47.482,1.0,2007-06-26,2007-06-26,712.23
15299.0,15374.0,disease_resistance,disease_resistance,Q2R0L0,Q2QYS3,5,3,39.606,1.0,2007-06-26,2007-06-26,594.09
15333.0,15374.0,disease_resistance,disease_resistance,Q0IP28,Q2QYS3,5,3,47.92,1.0,2007-06-26,2007-06-26,718.8000000000001
15436.0,15338.0,disease_resistance,disease_resistance,Q0IQU1,Q2QUN2,5,3,45.203,1.0,2007-06-26,2007-06-26,678.0450000000001
15299.0,15338.0,disease_resistance,disease_resistance,Q2R0L0,Q2QUN2,5,3,43.761,1.0,2007-06-26,2007-06-26,656.4150000000001
15333.0,15338.0,disease_resistance,disease_resistance,Q0IP28,Q2QUN2,5,3,70.492,1.0,2007-06-26,2007-06-26,1057.38
15501.0,15553.0,disease_resistance,disease_resistance,Q2R3F5,Q2QM84,4,3,53.067,1.0,2007-09-11,2007-09-11,636.804
15299.0,15436.0,disease_resistance,disease_resistance,Q2R0L0,Q0IQU1,5,3,39.033,1.0,2007-06-26,2007-06-26,585.495
15333.0,15436.0,disease_resistance,disease_resistance,Q0IP28,Q0IQU1,5,3,45.629,1.0,2007-06-26,2007-06-26,684.435
15299.0,15333.0,disease_resistance,disease_resistance,Q2R0L0,Q0IP28,5,3,43.225,1.0,2007-06-26,2007-06-26,648.375
18093.0,18094.0,disease_resistance,disease_resistance,Q0IQN6,Q0IV63,6,3,97.642,1.0,2011-02-08,2011-02-08,1757.556
18130.0,18145.0,disease_resistance,disease_resistance,Q0ITW7,Q2R8Z5,9,5,86.772,1.0,2007-06-12,2007-06-12,3904.7400000000002
18130.0,18151.0,disease_resistance,salt_resistance,Q0ITW7,P06525,7,4,78.78,0.0,2007-06-12,1988-01-01,2205.84
18145.0,18151.0,disease_resistance,salt_resistance,Q2R8Z5,P06525,7,4,83.024,0.0,2007-06-12,1988-01-01,2324.672
17703.0,17723.0,disease_resistance,disease_resistance,Q0INT0,Q2QQ96,8,4,40.842,1.0,2007-05-15,2007-05-15,1306.944
17746.0,17723.0,disease_resistance,disease_resistance,Q2QN26,Q2QQ96,7,3,51.55,1.0,2007-05-15,2007-05-15,1082.55
17703.0,17746.0,disease_resistance,disease_resistance,Q0INT0,Q2QN26,7,3,53.791,1.0,2007-05-15,2007-05-15,1129.6109999999999
17516.0,17553.0,disease_resistance,disease_resistance,Q0INC5,Q2R1M8,4,1,36.01,1.0,2007-04-03,2007-04-03,144.04
18227.0,18228.0,disease_resistance,disease_resistance,Q2QLY4,Q2QLY5,7,5,98.433,1.0,2013-11-13,2013-11-13,3445.155
18217.0,18221.0,disease_resistance,disease_resistance,Q2QLW3,Q2QXB3,6,4,91.722,1.0,2006-09-05,2006-09-05,2201.328
17400.0,17407.0,disease_resistance,disease_resistance,Q08479,Q08480,8,5,90.833,1.0,1994-10-01,1994-10-01,3633.3199999999997
18943.0,14969.0,disease_resistance,disease_resistance,Q2QQA3,Q2QW53,8,3,37.725,1.0,2006-04-04,2006-04-04,905.4000000000001
19271.0,14969.0,disease_resistance,disease_resistance,Q2QW55,Q2QW53,8,3,40.223,1.0,2006-04-04,2006-04-04,965.352
18943.0,15061.0,disease_resistance,plant_height_reduce,Q2QQA3,Q0J466,8,3,41.279,0.0,2006-04-04,2007-07-24,990.6960000000001
19271.0,15061.0,disease_resistance,plant_height_reduce,Q2QW55,Q0J466,8,3,38.208,0.0,2006-04-04,2007-07-24,916.992
14969.0,15061.0,disease_resistance,plant_height_reduce,Q2QW53,Q0J466,8,3,42.614,0.0,2006-04-04,2007-07-24,1022.7359999999999
18963.0,18964.0,disease_resistance,disease_resistance,Q2QS13,Q2QS14,8,5,97.292,1.0,2013-05-01,2013-05-01,3891.6800000000003
18520.0,18528.0,disease_resistance,disease_resistance,Q2QZ86,Q53JY8,7,5,94.575,1.0,2011-09-21,2011-09-21,3310.125
18517.0,18528.0,disease_resistance,disease_resistance,Q2QNG7,Q53JY8,7,5,87.736,1.0,2011-09-21,2011-09-21,3070.76
18517.0,18520.0,disease_resistance,disease_resistance,Q2QNG7,Q2QZ86,7,5,93.144,1.0,2011-09-21,2011-09-21,3260.04
18476.0,18491.0,disease_resistance,disease_resistance,Q2QMH2,Q2R224,5,3,58.839,1.0,2011-05-03,2011-05-03,882.585
18759.0,18788.0,disease_resistance,disease_resistance,Q2QPG9,Q2QS71,6,3,87.387,1.0,2006-06-13,2006-06-13,1572.966
62713.0,62860.0,salt_resistance,salt_resistance,O22932,Q2QMI0,5,2,48.246,1.0,2004-11-23,2008-06-10,482.46000000000004
62742.0,62860.0,salt_resistance,salt_resistance,Q2RBF0,Q2QMI0,5,2,43.785,1.0,2008-06-10,2008-06-10,437.84999999999997
13101.0,13102.0,disease_resistance,disease_resistance,Q9XF23,Q9SU71,10,5,72.468,1.0,2015-01-07,2015-01-07,3623.4
13117.0,13118.0,disease_resistance,disease_resistance,Q9SV43,O80959,4,3,73.373,1.0,2014-03-19,2014-03-19,880.4760000000001
13108.0,13113.0,disease_resistance,disease_resistance,Q9SUR9,Q0JL44,7,4,60.714,1.0,2011-01-11,2011-01-11,1699.992
13109.0,13113.0,disease_resistance,disease_resistance,Q9SUT5,Q0JL44,7,4,61.749,1.0,2011-01-11,2011-01-11,1728.972
13108.0,13109.0,disease_resistance,disease_resistance,Q9SUR9,Q9SUT5,13,4,76.751,1.0,2011-01-11,2011-01-11,3991.052
13922.0,11847.0,disease_resistance,disease_resistance,F4I3V3,Q9FIL7,5,3,35.313,1.0,2016-03-16,2012-11-28,529.695
14508.0,14534.0,disease_resistance,disease_resistance,Q2QMX9,Q2RAS0,11,4,61.214,1.0,2006-07-25,2006-07-25,2693.416
14532.0,14534.0,disease_resistance,disease_resistance,Q2QY12,Q2RAS0,10,4,96.15,1.0,2006-07-25,2006-07-25,3846.0
14508.0,14532.0,disease_resistance,disease_resistance,Q2QMX9,Q2QY12,10,4,61.802,1.0,2006-07-25,2006-07-25,2472.08
14670.0,14673.0,disease_resistance,disease_resistance,Q2QQJ5,Q6BDZ9,6,4,58.688,1.0,2009-05-05,2009-05-05,1408.5120000000002
14359.0,14361.0,disease_resistance,disease_resistance,Q0INY7,P18566,6,5,96.0,1.0,2007-09-11,1990-11-01,2880.0
14189.0,14190.0,disease_resistance,disease_resistance,P0C0L0,P0C0L1,10,5,86.25,1.0,2005-10-25,2005-10-25,4312.5
14467.0,14188.0,disease_resistance,disease_resistance,Q0IUL4,O81277,4,3,61.053,1.0,2007-09-11,2001-08-29,732.636
13517.0,13518.0,disease_resistance,disease_resistance,Q9ZT48,Q9C776,9,5,62.951,1.0,2001-02-21,2015-02-04,2832.795
13441.0,13459.0,insect_resistance,insect_resistance,Q9LY48,Q9SRM3,9,2,64.266,1.0,2016-11-30,2016-11-30,1156.788
13426.0,13459.0,insect_resistance,insect_resistance,O80449,Q9SRM3,10,3,55.524,1.0,2016-11-30,2016-11-30,1665.72
13428.0,13459.0,insect_resistance,insect_resistance,Q9FFF6,Q9SRM3,10,3,77.54,1.0,2016-11-30,2016-11-30,2326.2000000000003
13426.0,13428.0,insect_resistance,insect_resistance,O80449,Q9FFF6,11,4,56.863,1.0,2016-11-30,2016-11-30,2501.9719999999998
13426.0,13441.0,insect_resistance,insect_resistance,O80449,Q9LY48,9,2,54.108,1.0,2016-11-30,2016-11-30,973.944
13428.0,13441.0,insect_resistance,insect_resistance,Q9FFF6,Q9LY48,9,2,62.849,1.0,2016-11-30,2016-11-30,1131.282
25822.0,25821.0,insect_resistance,insect_resistance,Q7FAZ0,Q7FAZ3,6,3,64.677,1.0,2016-05-11,2016-05-11,1164.1860000000001
25815.0,25821.0,insect_resistance,insect_resistance,Q0JEU6,Q7FAZ3,7,3,68.632,1.0,2016-05-11,2016-05-11,1441.2720000000002
25816.0,25821.0,insect_resistance,insect_resistance,Q7FAZ2,Q7FAZ3,7,3,68.381,1.0,2016-05-11,2016-05-11,1436.001
25822.0,25816.0,insect_resistance,insect_resistance,Q7FAZ0,Q7FAZ2,6,3,66.912,1.0,2016-05-11,2016-05-11,1204.4160000000002
25815.0,25816.0,insect_resistance,insect_resistance,Q0JEU6,Q7FAZ2,7,3,88.819,1.0,2016-05-11,2016-05-11,1865.199
25815.0,25822.0,insect_resistance,insect_resistance,Q0JEU6,Q7FAZ0,6,3,67.588,1.0,2016-05-11,2016-05-11,1216.5839999999998
25996.0,25997.0,salt_resistance,salt_resistance,F4IDI6,Q9LDD1,6,3,44.8,1.0,2013-12-11,2013-12-11,806.4
25998.0,25997.0,salt_resistance,salt_resistance,Q9FHE4,Q9LDD1,6,3,42.537,1.0,2013-12-11,2013-12-11,765.6659999999999
25996.0,25998.0,salt_resistance,salt_resistance,F4IDI6,Q9FHE4,6,3,37.26,1.0,2013-12-11,2013-12-11,670.68
27914.0,27926.0,plant_height_reduce,plant_height_reduce,Q9LJP4,Q9SRT3,13,4,61.004,1.0,2008-02-26,2008-02-26,3172.208
27916.0,27926.0,plant_height_reduce,plant_height_reduce,Q9SJA2,Q9SRT3,10,4,61.135,1.0,2008-02-26,2008-02-26,2445.4
27914.0,27925.0,plant_height_reduce,plant_height_reduce,Q9LJP4,Q9ZQB9,10,4,62.59,1.0,2008-02-26,2008-02-26,2503.6000000000004
27916.0,27925.0,plant_height_reduce,plant_height_reduce,Q9SJA2,Q9ZQB9,10,4,64.196,1.0,2008-02-26,2008-02-26,2567.84
27926.0,27925.0,plant_height_reduce,plant_height_reduce,Q9SRT3,Q9ZQB9,10,4,60.689,1.0,2008-02-26,2008-02-26,2427.56
27914.0,27916.0,plant_height_reduce,plant_height_reduce,Q9LJP4,Q9SJA2,11,4,66.377,1.0,2008-02-26,2008-02-26,2920.5879999999997
25613.0,9072.0,insect_resistance,insect_resistance,Q9LVD6,O65782,10,2,35.081,1.0,2016-02-17,2001-04-27,701.6200000000001
25525.0,25526.0,insect_resistance,insect_resistance,Q9FG67,Q9FN52,8,4,77.559,1.0,2008-01-15,2008-01-15,2481.888
27062.0,27211.0,salt_resistance,salt_resistance,Q8S8P5,Q9FL26,5,3,58.442,1.0,2003-04-11,2003-04-11,876.63
27259.0,27260.0,salt_resistance,salt_resistance,Q8VZG7,Q9FLT0,20,5,84.422,1.0,2016-11-02,2016-11-02,8442.199999999999
26833.0,26849.0,salt_resistance,salt_resistance,Q5YDB5,Q5YDB6,10,5,44.055,1.0,2009-05-26,2009-05-26,2202.75
26852.0,26858.0,salt_resistance,salt_resistance,Q6YWF1,Q9LVH4,11,3,58.434,1.0,2015-06-24,2015-06-24,1928.322
25182.0,25183.0,insect_resistance,insect_resistance,O81346,Q501D8,17,4,85.083,1.0,1998-12-15,2008-09-23,5785.644
19378.0,19380.0,disease_resistance,disease_resistance,Q2QYL8,Q2RBE3,6,3,95.185,1.0,2008-10-14,2008-10-14,1713.33
19338.0,19380.0,disease_resistance,disease_resistance,Q2QXC6,Q2RBE3,7,3,42.065,1.0,2008-10-14,2008-10-14,883.365
19342.0,19380.0,disease_resistance,disease_resistance,Q2RA93,Q2RBE3,6,3,41.646,1.0,2008-10-14,2008-10-14,749.628
19378.0,19342.0,disease_resistance,disease_resistance,Q2QYL8,Q2RA93,6,3,41.895,1.0,2008-10-14,2008-10-14,754.11
19338.0,19342.0,disease_resistance,disease_resistance,Q2QXC6,Q2RA93,6,3,59.165,1.0,2008-10-14,2008-10-14,1064.97
20661.0,20694.0,disease_resistance,disease_resistance,Q2R637,Q2RBJ6,5,2,46.702,1.0,2009-02-10,2009-02-10,467.02
19796.0,19797.0,disease_resistance,disease_resistance,Q2QXY1,Q2RAP0,7,4,98.285,1.0,2009-05-05,2009-05-05,2751.98
20379.0,20395.0,disease_resistance,disease_resistance,Q2R2Z4,Q2R4J1,8,3,38.756,1.0,2010-10-05,2010-10-05,930.144
20164.0,20165.0,disease_resistance,disease_resistance,Q2R0J4,Q2R0K3,5,3,91.556,1.0,2016-11-02,2016-11-02,1373.34
20131.0,20141.0,disease_resistance,disease_resistance,Q2QZL4,Q2R0Q1,10,3,86.253,1.0,2008-10-14,2008-10-14,2587.59
20089.0,20111.0,disease_resistance,disease_resistance,Q4JL76,Q53NK6,5,4,70.168,1.0,2006-05-16,2006-05-16,1403.3600000000001
20811.0,20813.0,disease_resistance,disease_resistance,Q2RBJ4,Q2QYR5,4,3,74.695,1.0,2016-11-02,2016-11-02,896.3399999999999
19985.0,19986.0,disease_resistance,disease_resistance,Q2QYW2,Q2RBN7,9,4,99.883,1.0,2011-11-16,2011-11-16,3595.788
19185.0,19190.0,disease_resistance,disease_resistance,Q2QUS0,Q2QYR1,4,2,52.888,1.0,2014-09-03,2014-09-03,423.104
19338.0,19378.0,disease_resistance,disease_resistance,Q2QXC6,Q2QYL8,6,3,42.172,1.0,2008-10-14,2008-10-14,759.096
19216.0,19221.0,disease_resistance,disease_resistance,Q2QW44,Q53N87,5,3,49.08,1.0,2014-04-16,2014-04-16,736.1999999999999
21105.0,21107.0,disease_resistance,disease_resistance,Q6AWY1,Q6AWY2,5,3,38.554,1.0,2012-10-03,2012-10-03,578.3100000000001
21105.0,21130.0,disease_resistance,grain_weight_increase,Q6AWY1,Q6ZIK5,5,3,53.279,0.0,2012-10-03,2012-10-03,799.1850000000001
21107.0,21130.0,disease_resistance,grain_weight_increase,Q6AWY2,Q6ZIK5,5,3,53.913,0.0,2012-10-03,2012-10-03,808.6949999999999
23465.0,23486.0,disease_resistance,disease_resistance,Q2R4Z5,Q2R4Z7,4,1,84.337,1.0,2007-07-10,2007-07-10,337.348
23137.0,23145.0,disease_resistance,disease_resistance,Q2QWW7,Q53P54,4,3,85.219,1.0,2009-09-01,2009-09-01,1022.6279999999999
22975.0,22979.0,disease_resistance,disease_resistance,Q2QQS5,Q2RAC5,9,3,66.296,1.0,2007-05-15,2007-05-15,1789.9920000000002
21569.0,21570.0,disease_resistance,disease_resistance,Q9FKZ0,Q9FKZ1,6,3,71.883,1.0,2004-04-13,2004-04-13,1293.894
22050.0,22051.0,disease_resistance,disease_resistance,B9GBM3,Q2RB28,6,3,98.095,1.0,2014-04-16,2014-04-16,1765.71
21855.0,21856.0,disease_resistance,disease_resistance,Q9LRR4,Q9LRR5,4,2,37.74,1.0,2003-04-11,2004-04-13,301.92
12678.0,12677.0,disease_resistance,disease_resistance,Q9STE5,Q9STE7,4,2,64.385,1.0,2003-04-11,2003-04-11,515.08
12676.0,12677.0,disease_resistance,disease_resistance,Q9M667,Q9STE7,4,2,67.215,1.0,2003-04-11,2003-04-11,537.72
62980.0,62983.0,drought_resistance,drought_resistance,O80920,Q9FGM1,9,3,53.988,1.0,2010-03-02,2010-03-02,1457.676
62951.0,62983.0,drought_resistance,drought_resistance,O49686,Q9FGM1,10,3,47.853,1.0,2010-03-02,2010-03-02,1435.5900000000001
62978.0,62983.0,drought_resistance,drought_resistance,Q8S8E3,Q9FGM1,9,3,48.171,1.0,2010-03-02,2010-03-02,1300.617
62980.0,62978.0,drought_resistance,drought_resistance,O80920,Q8S8E3,10,4,69.565,1.0,2010-03-02,2010-03-02,2782.6
62951.0,62978.0,drought_resistance,drought_resistance,O49686,Q8S8E3,10,4,51.829,1.0,2010-03-02,2010-03-02,2073.16
62983.0,62965.0,drought_resistance,drought_resistance,Q9FGM1,Q9FLB1,8,3,51.534,1.0,2010-03-02,2010-03-02,1236.816
62980.0,62965.0,drought_resistance,drought_resistance,O80920,Q9FLB1,9,4,72.549,1.0,2010-03-02,2010-03-02,2611.764
62951.0,62965.0,drought_resistance,drought_resistance,O49686,Q9FLB1,9,4,54.487,1.0,2010-03-02,2010-03-02,1961.5320000000002
62978.0,62965.0,drought_resistance,drought_resistance,Q8S8E3,Q9FLB1,9,4,56.522,1.0,2010-03-02,2010-03-02,2034.792
12984.0,13004.0,disease_resistance,disease_resistance,Q9SRH5,Q9FJX3,9,4,49.275,1.0,2002-05-02,2011-12-14,1773.8999999999999
12984.0,13018.0,disease_resistance,disease_resistance,Q9SRH5,Q9FKM2,8,4,41.667,1.0,2002-05-02,2011-12-14,1333.344
13004.0,13018.0,disease_resistance,disease_resistance,Q9FJX3,Q9FKM2,8,4,45.29,1.0,2011-12-14,2011-12-14,1449.28
12065.0,12044.0,disease_resistance,disease_resistance,Q2QSR8,Q53NF0,5,2,39.293,1.0,2009-12-15,2009-12-15,392.93
12065.0,12105.0,disease_resistance,salt_resistance,Q2QSR8,O64883,4,3,39.875,0.0,2009-12-15,2009-11-24,478.5
11966.0,12105.0,disease_resistance,salt_resistance,Q9FIW4,O64883,7,4,41.856,0.0,2009-12-15,2009-11-24,1171.968
12176.0,12105.0,salt_resistance,salt_resistance,Q9SE50,O64883,7,3,53.527,1.0,2001-01-11,2009-11-24,1124.067
12044.0,12105.0,disease_resistance,salt_resistance,Q53NF0,O64883,4,3,40.491,0.0,2009-12-15,2009-11-24,485.892
11966.0,12065.0,disease_resistance,disease_resistance,Q9FIW4,Q2QSR8,4,3,44.016,1.0,2009-12-15,2009-12-15,528.192
62951.0,62980.0,drought_resistance,drought_resistance,O49686,O80920,12,4,55.758,1.0,2010-03-02,2010-03-02,2676.384
12663.0,12675.0,disease_resistance,disease_resistance,A2CIR7,Q2RAQ5,4,2,61.29,1.0,2016-09-07,2016-09-07,490.32
12676.0,12678.0,disease_resistance,disease_resistance,Q9M667,Q9STE5,4,2,61.272,1.0,2003-04-11,2003-04-11,490.176
12660.0,12661.0,disease_resistance,disease_resistance,Q9M1I7,Q9ZVC2,13,3,80.287,1.0,2011-05-03,2011-05-03,3131.193
27507.0,12603.0,salt_resistance,plant_height_reduce,Q9M3D8,Q9LSR8,13,4,62.52,0.0,2011-01-11,2011-01-11,3251.04
2610.0,2629.0,drought_resistance,salt_resistance,Q7DM58,Q7GB25,11,4,43.359,0.0,2006-03-07,2006-03-07,1907.796
12178.0,12205.0,disease_resistance,insect_resistance,Q9FL28,Q8VZG8,7,4,35.22,0.0,2008-03-18,2009-11-03,986.16
22518.0,22562.0,disease_resistance,insect_resistance,Q2QLT8,Q84TB3,4,3,51.471,0.0,2007-02-20,2007-02-20,617.6519999999999
24275.0,24280.0,grain_weight_increase,plant_height_reduce,P14654,P14656,6,5,85.915,0.0,1990-04-01,1990-04-01,2577.4500000000003
4070.0,4087.0,drought_resistance,disease_resistance,Q9FJ87,Q9SZE2,9,4,48.374,0.0,2015-10-14,2015-10-14,1741.4640000000002
24647.0,24657.0,grain_weight_increase,salt_resistance,Q0D8I9,Q9S814,6,4,40.962,0.0,2016-04-13,2005-02-15,983.0880000000001
5544.0,5551.0,drought_resistance,disease_resistance,Q10NY2,Q0WV90,4,1,77.34,0.0,2016-03-16,2010-06-15,309.36
4522.0,4570.0,drought_resistance,disease_resistance,Q9LS40,Q8S9J6,4,3,35.142,0.0,2012-05-16,2016-04-13,421.70400000000006
